District,Season,CropCategory,Crop,Year,Extent,Production,Yield_t_ha,Yield_IQR_Flag
National Total,Yala,Low Country Vegetable,Luffa,2012,1861.0,17053.0,9.16335303600215,False
National Total,Maha,Low Country Vegetable,Luffa,2012,2840.0,25733.0,9.060915492957747,False
National Total,Yala,Low Country Vegetable,Luffa,2013,1985.0,17801.0,8.967758186397985,False
National Total,Maha,Low Country Vegetable,Luffa,2013,3005.0,28598.0,9.516805324459234,False
National Total,Yala,Low Country Vegetable,Luffa,2014,1881.0,16066.0,8.541201488569909,False
National Total,Maha,Low Country Vegetable,Luffa,2014,3007.0,29143.0,9.691719321582973,False
National Total,Yala,Low Country Vegetable,Luffa,2015,1830.0,17723.0,9.684699453551913,False
National Total,Maha,Low Country Vegetable,Luffa,2015,2634.0,28958.0,10.993925588458618,False
National Total,Yala,Low Country Vegetable,Luffa,2016,1717.0,17245.0,10.043680838672103,False
National Total,Maha,Low Country Vegetable,Luffa,2016,2235.0,23170.0,10.3668903803132,False
National Total,Yala,Low Country Vegetable,Luffa,2017,1442.0,15961.0,11.06865464632455,False
National Total,Maha,Low Country Vegetable,Luffa,2017,2965.0,30227.0,10.19460370994941,False
National Total,Yala,Low Country Vegetable,Luffa,2018,1576.0,17502.0,11.105329949238579,False
National Total,Maha,Low Country Vegetable,Luffa,2018,2926.0,28622.0,9.781954887218046,False
National Total,Yala,Low Country Vegetable,Luffa,2019,1518.0,15858.0,10.446640316205533,False
National Total,Maha,Low Country Vegetable,Luffa,2019,2005.0,22250.0,11.097256857855362,False
National Total,Yala,Low Country Vegetable,Luffa,2020,1899.2,19957.1,10.508161331086772,False
National Total,Maha,Low Country Vegetable,Luffa,2020,2332.0,25988.0,11.144082332761577,False
National Total,Yala,Low Country Vegetable,Luffa,2021,1779.6,19782.5,11.1162620813666,False
National Total,Maha,Low Country Vegetable,Luffa,2021,2179.0,25434.2,11.672418540614961,False
National Total,Yala,Low Country Vegetable,Luffa,2022,1778.1,19288.1,10.847590124289972,False
National Total,Maha,Low Country Vegetable,Luffa,2022,2248.0,24438.0,10.87099644128114,False
National Total,Yala,Low Country Vegetable,Luffa,2023,1679.9,18416.9,10.963093041252456,False
National Total,Maha,Low Country Vegetable,Luffa,2023,2408.4,24851.9,10.318842384985883,False
National Total,Maha,Low Country Vegetable,Luffa,2024,2209.7,22224.6,10.057745395302529,False
National Total,Yala,Low Country Vegetable,Luffa,2025,1857.2,18670.4,10.05298298513892,False
National Total,Maha,Low Country Vegetable,Luffa,2025,2096.2,20464.9,9.762856597652897,False
National Total,Yala,Low Country Vegetable,Bandakka,2012,3195.0,27124.0,8.489514866979656,False
National Total,Maha,Low Country Vegetable,Bandakka,2012,4512.0,38327.0,8.494459219858156,False
National Total,Yala,Low Country Vegetable,Bandakka,2013,3635.0,30957.0,8.51636863823934,False
National Total,Maha,Low Country Vegetable,Bandakka,2013,4734.0,38658.0,8.166032953105196,False
National Total,Yala,Low Country Vegetable,Bandakka,2014,3892.0,27272.0,7.0071942446043165,True
National Total,Maha,Low Country Vegetable,Bandakka,2014,4567.0,39697.0,8.692139259908036,False
National Total,Yala,Low Country Vegetable,Bandakka,2015,3293.0,28689.0,8.712116610993016,False
National Total,Maha,Low Country Vegetable,Bandakka,2015,4105.0,37435.0,9.119366626065773,False
National Total,Yala,Low Country Vegetable,Bandakka,2016,3270.0,31459.0,9.620489296636086,False
National Total,Maha,Low Country Vegetable,Bandakka,2016,3803.0,35260.0,9.271627662371811,False
National Total,Yala,Low Country Vegetable,Bandakka,2017,3077.0,27287.0,8.868053298667533,False
National Total,Maha,Low Country Vegetable,Bandakka,2017,3752.0,34142.0,9.099680170575693,False
National Total,Yala,Low Country Vegetable,Bandakka,2018,3826.0,28883.0,7.549137480397282,False
National Total,Maha,Low Country Vegetable,Bandakka,2018,4542.0,39632.0,8.725671510347864,False
National Total,Yala,Low Country Vegetable,Bandakka,2019,3123.0,35107.0,11.241434518091578,True
National Total,Maha,Low Country Vegetable,Bandakka,2019,3728.0,37119.0,9.95681330472103,False
National Total,Yala,Low Country Vegetable,Bandakka,2020,3845.1,35828.0,9.317833086265637,False
National Total,Maha,Low Country Vegetable,Bandakka,2020,4245.0,45616.0,10.745818610129565,False
National Total,Yala,Low Country Vegetable,Bandakka,2021,3555.2,36056.8,10.141989198919893,False
National Total,Maha,Low Country Vegetable,Bandakka,2021,3959.5,37689.8,9.518828134865513,False
National Total,Yala,Low Country Vegetable,Bandakka,2022,3650.8,36181.0,9.910430590555494,False
National Total,Maha,Low Country Vegetable,Bandakka,2022,4173.1,37294.3,8.936833529031176,False
National Total,Yala,Low Country Vegetable,Bandakka,2023,3362.3,31350.8,9.32421259257056,False
National Total,Maha,Low Country Vegetable,Bandakka,2023,4474.6,38984.3,8.712354176909669,False
National Total,Yala,Low Country Vegetable,Bandakka,2024,3517.7,35003.3,9.950621144497827,False
National Total,Maha,Low Country Vegetable,Bandakka,2024,4389.3,37619.6,8.570751600482993,False
National Total,Yala,Low Country Vegetable,Bandakka,2025,3469.6,32681.1,9.419270232879871,False
National Total,Maha,Low Country Vegetable,Bandakka,2025,4199.9,40295.9,9.594490345008216,False
National Total,Yala,Low Country Vegetable,Bitter Gourd,2012,1899.0,18601.0,9.795155344918378,False
National Total,Maha,Low Country Vegetable,Bitter Gourd,2012,2790.0,25502.0,9.140501792114696,False
National Total,Yala,Low Country Vegetable,Bitter Gourd,2013,2020.0,19265.0,9.537128712871286,False
National Total,Maha,Low Country Vegetable,Bitter Gourd,2013,2908.0,26876.0,9.242090784044017,False
National Total,Yala,Low Country Vegetable,Bitter Gourd,2014,2020.0,19265.0,9.537128712871286,False
National Total,Maha,Low Country Vegetable,Bitter Gourd,2014,2908.0,26876.0,9.242090784044017,False
National Total,Yala,Low Country Vegetable,Bitter Gourd,2015,1811.0,19446.0,10.73771397018222,False
National Total,Maha,Low Country Vegetable,Bitter Gourd,2015,2448.0,24061.0,9.828839869281046,False
National Total,Yala,Low Country Vegetable,Bitter Gourd,2016,1635.0,17382.0,10.63119266055046,False
National Total,Maha,Low Country Vegetable,Bitter Gourd,2016,2200.0,24718.0,11.235454545454546,False
National Total,Yala,Low Country Vegetable,Bitter Gourd,2017,1323.0,16778.0,12.681783824640968,False
National Total,Maha,Low Country Vegetable,Bitter Gourd,2017,1863.0,20234.0,10.860976918947934,False
National Total,Yala,Low Country Vegetable,Bitter Gourd,2018,1423.0,16496.0,11.592410400562192,False
National Total,Maha,Low Country Vegetable,Bitter Gourd,2018,2883.0,31115.0,10.792577176552202,False
National Total,Yala,Low Country Vegetable,Bitter Gourd,2019,1431.0,15966.0,11.157232704402515,False
National Total,Maha,Low Country Vegetable,Bitter Gourd,2019,1431.0,25004.0,17.47309573724668,True
National Total,Yala,Low Country Vegetable,Bitter Gourd,2020,1917.2,20954.7,10.929845608178594,False
National Total,Maha,Low Country Vegetable,Bitter Gourd,2020,2184.0,26677.0,12.21474358974359,False
National Total,Yala,Low Country Vegetable,Bitter Gourd,2021,1655.1,22396.5,13.531810766721044,True
National Total,Maha,Low Country Vegetable,Bitter Gourd,2021,2159.7,25156.8,11.648284483956106,False
National Total,Yala,Low Country Vegetable,Bitter Gourd,2022,1562.8,17357.0,11.106347581264398,False
National Total,Maha,Low Country Vegetable,Bitter Gourd,2022,1899.8,20788.2,10.942309716812296,False
National Total,Yala,Low Country Vegetable,Bitter Gourd,2023,1478.1,15349.1,10.38434476693052,False
National Total,Maha,Low Country Vegetable,Bitter Gourd,2023,1947.8,19932.1,10.233134818769894,False
National Total,Yala,Low Country Vegetable,Bitter Gourd,2024,1585.1,16722.0,10.549492145605956,False
National Total,Maha,Low Country Vegetable,Bitter Gourd,2024,1898.0,18701.5,9.853266596417281,False
National Total,Yala,Low Country Vegetable,Bitter Gourd,2025,1496.7,14941.4,9.982895703881873,False
National Total,Maha,Low Country Vegetable,Bitter Gourd,2025,1718.2,18596.9,10.823478058433246,False
National Total,Yala,Low Country Vegetable,Snake Gourd,2012,1431.0,16032.0,11.20335429769392,False
National Total,Maha,Low Country Vegetable,Snake Gourd,2012,1952.0,22298.0,11.423155737704919,False
National Total,Yala,Low Country Vegetable,Snake Gourd,2013,1673.0,16453.0,9.834429169157202,False
National Total,Maha,Low Country Vegetable,Snake Gourd,2013,1960.0,23612.0,12.046938775510204,False
National Total,Yala,Low Country Vegetable,Snake Gourd,2014,1282.0,13459.0,10.498439937597503,False
National Total,Maha,Low Country Vegetable,Snake Gourd,2014,1877.0,21006.0,11.191262653169952,False
National Total,Yala,Low Country Vegetable,Snake Gourd,2015,1188.0,14564.0,12.25925925925926,False
National Total,Maha,Low Country Vegetable,Snake Gourd,2015,1530.0,29491.0,19.27516339869281,True
National Total,Yala,Low Country Vegetable,Snake Gourd,2016,1201.0,14900.0,12.406328059950042,False
National Total,Maha,Low Country Vegetable,Snake Gourd,2016,1419.0,17017.0,11.992248062015504,False
National Total,Yala,Low Country Vegetable,Snake Gourd,2017,1053.0,13361.0,12.688509021842355,False
National Total,Maha,Low Country Vegetable,Snake Gourd,2017,1281.0,15488.0,12.09055425448868,False
National Total,Yala,Low Country Vegetable,Snake Gourd,2018,1074.0,13681.0,12.738361266294227,False
National Total,Maha,Low Country Vegetable,Snake Gourd,2018,1624.0,19833.0,12.21243842364532,False
National Total,Yala,Low Country Vegetable,Snake Gourd,2019,1104.0,12939.0,11.720108695652174,False
National Total,Maha,Low Country Vegetable,Snake Gourd,2019,1257.0,16867.0,13.418456642800319,False
National Total,Yala,Low Country Vegetable,Snake Gourd,2020,1210.8,14906.0,12.310868847043277,False
National Total,Maha,Low Country Vegetable,Snake Gourd,2020,1439.0,17962.0,12.48227936066713,False
National Total,Yala,Low Country Vegetable,Snake Gourd,2021,1512.6,14226.8,9.405526907311913,False
National Total,Maha,Low Country Vegetable,Snake Gourd,2021,1582.6,20582.4,13.005434095791736,False
National Total,Yala,Low Country Vegetable,Snake Gourd,2022,1115.0,13524.9,12.129955156950672,False
National Total,Maha,Low Country Vegetable,Snake Gourd,2022,1484.9,17670.9,11.900397333153748,False
National Total,Yala,Low Country Vegetable,Snake Gourd,2023,1085.5,12391.6,11.41556886227545,False
National Total,Maha,Low Country Vegetable,Snake Gourd,2023,1352.8,14786.6,10.930366646954466,False
National Total,Yala,Low Country Vegetable,Snake Gourd,2024,1232.4,13355.7,10.837147030185005,False
National Total,Maha,Low Country Vegetable,Snake Gourd,2024,1368.9,14155.4,10.340711520198699,False
National Total,Yala,Low Country Vegetable,Snake Gourd,2025,1194.8,11887.9,9.94969869434215,False
National Total,Maha,Low Country Vegetable,Snake Gourd,2025,1310.2,15264.3,11.650358723858952,False
National Total,Yala,Up Country Vegetable,Tomatoes,2012,3304.0,34911.0,10.56628329297821,False
National Total,Maha,Up Country Vegetable,Tomatoes,2012,4612.0,47339.0,10.264310494362533,False
National Total,Yala,Up Country Vegetable,Tomatoes,2013,3213.0,36365.0,11.318082788671024,False
National Total,Maha,Up Country Vegetable,Tomatoes,2013,4046.0,49861.0,12.323529411764707,False
National Total,Yala,Up Country Vegetable,Tomatoes,2014,3130.0,32464.0,10.37188498402556,False
National Total,Maha,Up Country Vegetable,Tomatoes,2014,4202.0,53708.0,12.781532603522132,False
National Total,Yala,Up Country Vegetable,Tomatoes,2015,2868.0,30228.0,10.539748953974895,False
National Total,Maha,Up Country Vegetable,Tomatoes,2015,3701.0,49325.0,13.32747905971359,False
National Total,Yala,Up Country Vegetable,Tomatoes,2016,2783.0,32286.0,11.60114983830399,False
National Total,Maha,Up Country Vegetable,Tomatoes,2016,3437.0,60462.0,17.59150421879546,False
National Total,Yala,Up Country Vegetable,Tomatoes,2017,2464.0,43159.0,17.51582792207792,False
National Total,Maha,Up Country Vegetable,Tomatoes,2017,2866.0,37680.0,13.147243545010468,False
National Total,Yala,Up Country Vegetable,Tomatoes,2018,2753.0,49797.0,18.088267344714858,False
National Total,Maha,Up Country Vegetable,Tomatoes,2018,3959.0,51607.0,13.035362465269007,False
National Total,Yala,Up Country Vegetable,Tomatoes,2019,2578.0,39145.0,15.184251357641582,False
National Total,Maha,Up Country Vegetable,Tomatoes,2019,3291.0,38771.0,11.780917654208448,False
National Total,Yala,Up Country Vegetable,Tomatoes,2020,3059.0,48284.1,15.784275907159202,False
National Total,Maha,Up Country Vegetable,Tomatoes,2020,3510.0,42223.0,12.029344729344729,False
National Total,Yala,Up Country Vegetable,Tomatoes,2021,3083.8,52365.8,16.980932615604125,False
National Total,Maha,Up Country Vegetable,Tomatoes,2021,3147.1,37302.9,11.853102856598138,False
National Total,Yala,Up Country Vegetable,Tomatoes,2022,2860.6,47424.9,16.578654827658536,False
National Total,Maha,Up Country Vegetable,Tomatoes,2022,3031.9,40656.1,13.409446221841089,False
National Total,Yala,Up Country Vegetable,Tomatoes,2023,2363.2,34169.3,14.458911645226813,False
National Total,Maha,Up Country Vegetable,Tomatoes,2023,3194.4,46244.2,14.476646631605307,False
National Total,Yala,Up Country Vegetable,Tomatoes,2024,2505.8,34945.0,13.945646101045574,False
National Total,Maha,Up Country Vegetable,Tomatoes,2024,3008.5,39292.9,13.060628220043212,False
National Total,Yala,Up Country Vegetable,Tomatoes,2025,2554.2,33011.9,12.924555633857961,False
National Total,Maha,Up Country Vegetable,Tomatoes,2025,2177.9,28479.6,13.076633454244913,False
National Total,Yala,Low Country Vegetable,Cucumber,2012,1211.0,12123.0,10.010734929810074,False
National Total,Maha,Low Country Vegetable,Cucumber,2012,1862.0,20213.0,10.855531686358754,False
National Total,Yala,Low Country Vegetable,Cucumber,2013,1458.0,16645.0,11.416323731138545,False
National Total,Maha,Low Country Vegetable,Cucumber,2013,2107.0,22684.0,10.766018035121025,False
National Total,Yala,Low Country Vegetable,Cucumber,2014,1418.0,14895.0,10.50423131170663,False
National Total,Maha,Low Country Vegetable,Cucumber,2014,2132.0,23662.0,11.098499061913696,False
National Total,Yala,Low Country Vegetable,Cucumber,2015,1634.0,16713.0,10.228274173806609,False
National Total,Maha,Low Country Vegetable,Cucumber,2015,2232.0,30866.0,13.828853046594983,False
National Total,Yala,Low Country Vegetable,Cucumber,2016,1149.0,14795.0,12.876414273281114,False
National Total,Maha,Low Country Vegetable,Cucumber,2016,1838.0,23495.0,12.7829162132753,False
National Total,Yala,Low Country Vegetable,Cucumber,2017,1167.0,14793.0,12.676092544987146,False
National Total,Maha,Low Country Vegetable,Cucumber,2017,1280.0,16653.0,13.01015625,False
National Total,Yala,Low Country Vegetable,Cucumber,2018,1142.0,19574.0,17.140105078809107,False
National Total,Maha,Low Country Vegetable,Cucumber,2018,2087.0,24368.0,11.676090081456636,False
National Total,Yala,Low Country Vegetable,Cucumber,2019,1172.0,13978.0,11.926621160409557,False
National Total,Maha,Low Country Vegetable,Cucumber,2019,1383.0,20886.0,15.101952277657267,False
National Total,Yala,Low Country Vegetable,Cucumber,2020,1290.0,19034.3,14.755271317829457,False
National Total,Maha,Low Country Vegetable,Cucumber,2020,1397.0,19642.0,14.060128847530422,False
National Total,Yala,Low Country Vegetable,Cucumber,2021,1209.6,16421.1,13.575644841269842,False
National Total,Maha,Low Country Vegetable,Cucumber,2021,1372.6,20087.3,14.634489290397786,False
National Total,Yala,Low Country Vegetable,Cucumber,2022,1125.7,15958.6,14.176601225903882,False
National Total,Maha,Low Country Vegetable,Cucumber,2022,1508.3,18015.4,11.944175561890871,False
National Total,Yala,Low Country Vegetable,Cucumber,2023,1456.0,26602.8,18.271153846153847,True
National Total,Maha,Low Country Vegetable,Cucumber,2023,1628.9,21012.9,12.90005525201056,False
National Total,Yala,Low Country Vegetable,Cucumber,2024,1760.6,27160.6,15.426899920481654,False
National Total,Maha,Low Country Vegetable,Cucumber,2024,1427.3,17937.4,12.567364954809783,False
National Total,Yala,Low Country Vegetable,Cucumber,2025,1241.9,15387.5,12.390289073194298,False
National Total,Maha,Low Country Vegetable,Cucumber,2025,1483.0,18982.2,12.799865138233312,False
National Total,Yala,Up Country Vegetable,Cabbage,2012,1917.0,27973.0,14.59207094418362,True
National Total,Maha,Up Country Vegetable,Cabbage,2012,2170.0,45402.0,20.92258064516129,False
National Total,Yala,Up Country Vegetable,Cabbage,2013,2102.0,50146.0,23.856327307326357,False
National Total,Maha,Up Country Vegetable,Cabbage,2013,2084.0,54360.0,26.084452975047984,False
National Total,Yala,Up Country Vegetable,Cabbage,2014,2107.0,46941.0,22.27859515899383,False
National Total,Maha,Up Country Vegetable,Cabbage,2014,2247.0,57574.0,25.622607921673342,False
National Total,Maha,Up Country Vegetable,Cabbage,2015,2522.0,74180.0,29.413164155432195,False
National Total,Yala,Up Country Vegetable,Cabbage,2016,1883.0,57839.0,30.716409984067976,False
National Total,Maha,Up Country Vegetable,Cabbage,2016,2559.0,65526.0,25.60609613130129,False
National Total,Yala,Up Country Vegetable,Cabbage,2017,1853.0,47594.0,25.68483540205073,False
National Total,Maha,Up Country Vegetable,Cabbage,2017,2371.0,51872.0,21.877688738928722,False
National Total,Yala,Up Country Vegetable,Cabbage,2018,1780.0,46580.0,26.168539325842698,False
National Total,Maha,Up Country Vegetable,Cabbage,2018,2424.0,64561.0,26.63407590759076,False
National Total,Yala,Up Country Vegetable,Cabbage,2019,1769.0,49221.0,27.824194460146977,False
National Total,Maha,Up Country Vegetable,Cabbage,2019,2384.0,67356.0,28.253355704697988,False
National Total,Yala,Up Country Vegetable,Cabbage,2020,2274.4,63456.7,27.90041329581428,False
National Total,Maha,Up Country Vegetable,Cabbage,2020,2287.0,62289.0,27.23611718408395,False
National Total,Yala,Up Country Vegetable,Cabbage,2021,2448.7,65393.6,26.705435537223835,False
National Total,Maha,Up Country Vegetable,Cabbage,2021,2376.2,63713.1,26.813020789495834,False
National Total,Yala,Up Country Vegetable,Cabbage,2022,2475.5,67069.1,27.093152898404366,False
National Total,Maha,Up Country Vegetable,Cabbage,2022,2071.0,49593.1,23.94645098985997,False
National Total,Yala,Up Country Vegetable,Cabbage,2023,2188.0,47773.2,21.834186471663617,False
National Total,Maha,Up Country Vegetable,Cabbage,2023,2154.0,52310.4,24.28523676880223,False
National Total,Yala,Up Country Vegetable,Cabbage,2024,2216.3,48242.4,21.767089292965753,False
National Total,Maha,Up Country Vegetable,Cabbage,2024,2280.8,58552.4,25.671869519466853,False
National Total,Yala,Up Country Vegetable,Cabbage,2025,1416.7,20495.0,14.466718430154584,True
National Total,Maha,Up Country Vegetable,Cabbage,2025,1516.1,41811.2,27.578128091814524,False
National Total,Yala,Up Country Vegetable,Carrot,2012,1342.0,16518.0,12.30849478390462,True
National Total,Maha,Up Country Vegetable,Carrot,2012,1510.0,17807.0,11.79271523178808,True
National Total,Yala,Up Country Vegetable,Carrot,2013,1446.0,27617.0,19.09889349930844,False
National Total,Maha,Up Country Vegetable,Carrot,2013,1436.0,28586.0,19.9066852367688,False
National Total,Yala,Up Country Vegetable,Carrot,2014,1380.0,27092.0,19.631884057971014,False
National Total,Maha,Up Country Vegetable,Carrot,2014,1416.0,27321.0,19.29449152542373,False
National Total,Yala,Up Country Vegetable,Carrot,2015,1416.0,24591.0,17.366525423728813,False
National Total,Maha,Up Country Vegetable,Carrot,2015,2055.0,43082.0,20.964476885644768,False
National Total,Yala,Up Country Vegetable,Carrot,2016,1529.0,35682.0,23.336821451929367,False
National Total,Maha,Up Country Vegetable,Carrot,2016,2278.0,46355.0,20.348990342405617,False
National Total,Yala,Up Country Vegetable,Carrot,2017,1562.0,29133.0,18.651088348271447,False
National Total,Maha,Up Country Vegetable,Carrot,2017,2124.0,42474.0,19.997175141242938,False
National Total,Yala,Up Country Vegetable,Carrot,2018,1523.0,31721.0,20.827971109652,False
National Total,Maha,Up Country Vegetable,Carrot,2018,1604.0,39330.0,24.51995012468828,False
National Total,Yala,Up Country Vegetable,Carrot,2019,1467.0,33637.0,22.92910702113156,False
National Total,Maha,Up Country Vegetable,Carrot,2019,2086.0,47130.0,22.5934803451582,False
National Total,Yala,Up Country Vegetable,Carrot,2020,1724.3,39800.8,23.082294264339154,False
National Total,Maha,Up Country Vegetable,Carrot,2020,2199.0,50424.0,22.930422919508867,False
National Total,Yala,Up Country Vegetable,Carrot,2021,2135.5,45508.9,21.31065324280028,False
National Total,Maha,Up Country Vegetable,Carrot,2021,2079.1,49907.5,24.0043768938483,False
National Total,Yala,Up Country Vegetable,Carrot,2022,1992.7,40806.2,20.477844131078434,False
National Total,Maha,Up Country Vegetable,Carrot,2022,1793.0,36372.4,20.285778025655326,False
National Total,Yala,Up Country Vegetable,Carrot,2023,1564.1,25267.4,16.15459369605524,False
National Total,Maha,Up Country Vegetable,Carrot,2023,1946.2,40084.5,20.596290206556365,False
National Total,Yala,Up Country Vegetable,Carrot,2024,1522.3,24374.4,16.011561453064445,False
National Total,Maha,Up Country Vegetable,Carrot,2024,2164.9,48835.9,22.55803963231558,False
National Total,Yala,Up Country Vegetable,Carrot,2025,1205.9,18886.1,15.661414711004227,False
National Total,Maha,Up Country Vegetable,Carrot,2025,1225.8,25603.5,20.887175721977485,False
National Total,Yala,Up Country Vegetable,Beetroot,2012,1200.0,15191.0,12.659166666666666,False
National Total,Maha,Up Country Vegetable,Beetroot,2012,1439.0,20314.0,14.116747741487144,False
National Total,Yala,Up Country Vegetable,Beetroot,2013,1310.0,20633.0,15.750381679389314,False
National Total,Maha,Up Country Vegetable,Beetroot,2013,1305.0,26258.0,20.121072796934865,False
National Total,Yala,Up Country Vegetable,Beetroot,2014,1428.0,24212.0,16.955182072829132,False
National Total,Maha,Up Country Vegetable,Beetroot,2014,1269.0,26676.0,21.02127659574468,False
National Total,Yala,Up Country Vegetable,Beetroot,2015,1336.0,23328.0,17.461077844311376,False
National Total,Maha,Up Country Vegetable,Beetroot,2015,1248.0,26844.0,21.509615384615383,False
National Total,Yala,Up Country Vegetable,Beetroot,2016,1061.0,20203.0,19.041470311027332,False
National Total,Maha,Up Country Vegetable,Beetroot,2016,1145.0,24897.0,21.74410480349345,False
National Total,Yala,Up Country Vegetable,Beetroot,2017,1026.0,20012.0,19.50487329434698,False
National Total,Maha,Up Country Vegetable,Beetroot,2017,1137.0,14180.0,12.47141600703606,False
National Total,Yala,Up Country Vegetable,Beetroot,2018,956.0,19824.0,20.736401673640167,False
National Total,Maha,Up Country Vegetable,Beetroot,2018,1280.0,31180.0,24.359375,False
National Total,Yala,Up Country Vegetable,Beetroot,2019,1017.0,15291.0,15.035398230088495,False
National Total,Maha,Up Country Vegetable,Beetroot,2019,788.0,14757.0,18.727157360406093,False
National Total,Yala,Up Country Vegetable,Beetroot,2020,1052.5,19193.8,18.236389548693587,False
National Total,Maha,Up Country Vegetable,Beetroot,2020,1140.0,17068.0,14.971929824561403,False
National Total,Yala,Up Country Vegetable,Beetroot,2021,1508.6,24364.8,16.15060320827257,False
National Total,Maha,Up Country Vegetable,Beetroot,2021,1130.0,16626.6,14.713805309734513,False
National Total,Yala,Up Country Vegetable,Beetroot,2022,1020.6,15579.7,15.265236135606507,False
National Total,Maha,Up Country Vegetable,Beetroot,2022,1069.3,18609.0,17.40297390816422,False
National Total,Yala,Up Country Vegetable,Beetroot,2023,1100.6,21444.1,19.484008722514993,False
National Total,Maha,Up Country Vegetable,Beetroot,2023,1062.5,17178.2,16.167717647058826,False
National Total,Yala,Up Country Vegetable,Beetroot,2024,1029.1,20034.1,19.46759304246429,False
National Total,Maha,Up Country Vegetable,Beetroot,2024,1069.5,17332.2,16.205890603085553,False
National Total,Yala,Up Country Vegetable,Beetroot,2025,767.9,12033.5,15.67066024221904,False
National Total,Maha,Up Country Vegetable,Beetroot,2025,872.4,15824.9,18.139500229252636,False
National Total,Yala,Up Country Vegetable,Raddish,2012,1453.0,19563.0,13.463867859600827,False
National Total,Maha,Up Country Vegetable,Raddish,2012,1902.0,24948.0,13.116719242902208,False
National Total,Yala,Up Country Vegetable,Raddish,2013,1469.0,25128.0,17.105513955071476,False
National Total,Maha,Up Country Vegetable,Raddish,2013,1917.0,32848.0,17.13510693792384,False
National Total,Yala,Up Country Vegetable,Raddish,2014,1583.0,25076.0,15.840808591282375,False
National Total,Maha,Up Country Vegetable,Raddish,2014,1926.0,34642.0,17.9865005192108,False
National Total,Yala,Up Country Vegetable,Raddish,2015,1552.0,24431.0,15.741623711340207,False
National Total,Maha,Up Country Vegetable,Raddish,2015,2012.0,29833.0,14.827534791252486,False
National Total,Yala,Up Country Vegetable,Raddish,2016,1376.0,29535.0,21.464389534883722,False
National Total,Maha,Up Country Vegetable,Raddish,2016,1573.0,27237.0,17.31532104259377,False
National Total,Yala,Up Country Vegetable,Raddish,2017,1347.0,27279.0,20.251670378619153,False
National Total,Maha,Up Country Vegetable,Raddish,2017,1502.0,22227.0,14.798268974700399,False
National Total,Yala,Up Country Vegetable,Raddish,2018,1384.0,31840.0,23.00578034682081,False
National Total,Maha,Up Country Vegetable,Raddish,2018,1675.0,31297.0,18.684776119402986,False
National Total,Yala,Up Country Vegetable,Raddish,2019,1183.0,21100.0,17.836010143702453,False
National Total,Maha,Up Country Vegetable,Raddish,2019,1493.0,23144.0,15.501674480910918,False
National Total,Yala,Up Country Vegetable,Raddish,2020,1331.9,25719.7,19.31053382386065,False
National Total,Maha,Up Country Vegetable,Raddish,2020,1544.0,30053.0,19.46437823834197,False
National Total,Yala,Up Country Vegetable,Raddish,2021,1563.5,29557.7,18.904828909497922,False
National Total,Maha,Up Country Vegetable,Raddish,2021,1463.8,29312.6,20.02500341576718,False
National Total,Yala,Up Country Vegetable,Raddish,2022,1975.5,38505.7,19.49162237408251,False
National Total,Maha,Up Country Vegetable,Raddish,2022,1511.9,29796.4,19.707917190290363,False
National Total,Yala,Up Country Vegetable,Raddish,2023,1662.4,27556.9,16.5765760346487,False
National Total,Maha,Up Country Vegetable,Raddish,2023,1479.1,26954.9,18.223852342640797,False
National Total,Yala,Up Country Vegetable,Raddish,2024,1663.2,27567.4,16.574915824915827,False
National Total,Maha,Up Country Vegetable,Raddish,2024,1368.1,40159.0,29.353848402894528,True
National Total,Yala,Up Country Vegetable,Raddish,2025,1021.7,15973.5,15.634237055887246,False
National Total,Maha,Up Country Vegetable,Raddish,2025,1282.0,31271.1,24.392433697347894,False
National Total,Yala,Up Country Vegetable,Leeks,2012,1106.0,18517.0,16.74231464737794,False
National Total,Maha,Up Country Vegetable,Leeks,2012,1056.0,16925.0,16.02746212121212,False
National Total,Yala,Up Country Vegetable,Leeks,2013,415.0,6220.0,14.987951807228916,False
National Total,Maha,Up Country Vegetable,Leeks,2013,877.0,18439.0,21.02508551881414,False
National Total,Yala,Up Country Vegetable,Leeks,2014,430.0,18354.0,42.68372093023256,True
National Total,Maha,Up Country Vegetable,Leeks,2014,932.0,19785.0,21.228540772532188,False
National Total,Yala,Up Country Vegetable,Leeks,2015,722.0,14710.0,20.373961218836566,False
National Total,Maha,Up Country Vegetable,Leeks,2015,1297.0,26724.0,20.604471858134154,False
National Total,Yala,Up Country Vegetable,Leeks,2016,973.0,30805.0,31.659815005138746,False
National Total,Maha,Up Country Vegetable,Leeks,2016,1223.0,30317.0,24.78904333605887,False
National Total,Yala,Up Country Vegetable,Leeks,2017,1088.0,28799.0,26.469669117647058,False
National Total,Maha,Up Country Vegetable,Leeks,2017,1128.0,27246.0,24.154255319148938,False
National Total,Yala,Up Country Vegetable,Leeks,2018,1010.0,25169.0,24.91980198019802,False
National Total,Maha,Up Country Vegetable,Leeks,2018,1016.0,26161.0,25.749015748031496,False
National Total,Yala,Up Country Vegetable,Leeks,2019,981.0,16933.0,17.260958205912335,False
National Total,Maha,Up Country Vegetable,Leeks,2019,1121.0,14946.0,13.332738626226583,False
National Total,Yala,Up Country Vegetable,Leeks,2020,1116.0,19276.2,17.27258064516129,False
National Total,Maha,Up Country Vegetable,Leeks,2020,1203.0,16419.0,13.648379052369076,False
National Total,Yala,Up Country Vegetable,Leeks,2021,1565.6,27780.4,17.74425140521206,False
National Total,Maha,Up Country Vegetable,Leeks,2021,1263.9,16952.6,13.41292823799351,False
National Total,Yala,Up Country Vegetable,Leeks,2022,1713.9,31408.3,18.325631600443433,False
National Total,Maha,Up Country Vegetable,Leeks,2022,1276.9,20396.6,15.973529642101964,False
National Total,Yala,Up Country Vegetable,Leeks,2023,1160.9,17771.1,15.30803686794728,False
National Total,Maha,Up Country Vegetable,Leeks,2023,1324.8,22964.8,17.334541062801932,False
National Total,Yala,Up Country Vegetable,Leeks,2024,1135.6,17350.3,15.278531172948222,False
National Total,Maha,Up Country Vegetable,Leeks,2024,1436.9,69673.1,48.48848214907092,True
National Total,Yala,Up Country Vegetable,Leeks,2025,730.6,8356.4,11.437722419928825,False
National Total,Maha,Up Country Vegetable,Leeks,2025,891.8,45804.2,51.36151603498542,True
National Total,Yala,Low Country Vegetable,Ash Pumpkin,2012,369.0,3694.0,10.010840108401084,False
National Total,Maha,Low Country Vegetable,Ash Pumpkin,2012,701.0,7182.0,10.245363766048502,False
National Total,Yala,Low Country Vegetable,Ash Pumpkin,2013,391.0,4029.0,10.304347826086957,False
National Total,Maha,Low Country Vegetable,Ash Pumpkin,2013,678.0,5119.0,7.550147492625369,False
National Total,Yala,Low Country Vegetable,Ash Pumpkin,2014,571.0,5361.0,9.388791593695272,False
National Total,Maha,Low Country Vegetable,Ash Pumpkin,2014,546.0,4519.0,8.276556776556777,False
National Total,Yala,Low Country Vegetable,Ash Pumpkin,2015,336.0,4031.0,11.99702380952381,False
National Total,Maha,Low Country Vegetable,Ash Pumpkin,2015,588.0,4690.0,7.976190476190476,False
National Total,Yala,Low Country Vegetable,Ash Pumpkin,2016,415.0,3650.0,8.795180722891565,False
National Total,Maha,Low Country Vegetable,Ash Pumpkin,2016,579.0,8370.0,14.455958549222798,False
National Total,Yala,Low Country Vegetable,Ash Pumpkin,2017,255.0,3650.0,14.313725490196079,False
National Total,Maha,Low Country Vegetable,Ash Pumpkin,2017,322.0,5135.0,15.9472049689441,False
National Total,Yala,Low Country Vegetable,Ash Pumpkin,2018,249.0,3371.0,13.538152610441767,False
National Total,Maha,Low Country Vegetable,Ash Pumpkin,2018,579.0,5549.0,9.58376511226252,False
National Total,Yala,Low Country Vegetable,Ash Pumpkin,2019,302.0,3954.0,13.092715231788079,False
National Total,Maha,Low Country Vegetable,Ash Pumpkin,2019,418.0,6298.0,15.066985645933014,False
National Total,Yala,Low Country Vegetable,Ash Pumpkin,2020,252.2,4374.8,17.346550356859638,False
National Total,Maha,Low Country Vegetable,Ash Pumpkin,2020,449.0,7050.0,15.701559020044543,False
National Total,Yala,Low Country Vegetable,Ash Pumpkin,2021,264.0,3702.2,14.023484848484848,False
National Total,Maha,Low Country Vegetable,Ash Pumpkin,2021,402.2,7622.2,18.951268025857782,False
National Total,Yala,Low Country Vegetable,Ash Pumpkin,2022,248.4,3500.2,14.090982286634459,False
National Total,Maha,Low Country Vegetable,Ash Pumpkin,2022,416.0,6999.5,16.825721153846153,False
National Total,Yala,Low Country Vegetable,Ash Pumpkin,2023,219.1,3071.9,14.020538566864447,False
National Total,Maha,Low Country Vegetable,Ash Pumpkin,2023,434.2,6056.4,13.948410870566558,False
National Total,Yala,Low Country Vegetable,Ash Pumpkin,2024,225.2,3459.8,15.363232682060392,False
National Total,Maha,Low Country Vegetable,Ash Pumpkin,2024,456.1,7001.4,15.350581012935757,False
National Total,Yala,Low Country Vegetable,Ash Pumpkin,2025,243.7,3303.8,13.556832170701684,False
National Total,Maha,Low Country Vegetable,Ash Pumpkin,2025,576.0,8974.9,15.581423611111111,False
National Total,Yala,Low Country Vegetable,Red Pumpkin,2012,3124.0,35029.0,11.212868117797695,False
National Total,Maha,Low Country Vegetable,Red Pumpkin,2012,5977.0,67771.0,11.33863142044504,False
National Total,Yala,Low Country Vegetable,Red Pumpkin,2013,3765.0,47722.0,12.675166002656043,False
National Total,Maha,Low Country Vegetable,Red Pumpkin,2013,5606.0,67390.0,12.021048876204068,False
National Total,Yala,Low Country Vegetable,Red Pumpkin,2014,3069.0,35350.0,11.51840990550668,False
National Total,Maha,Low Country Vegetable,Red Pumpkin,2014,5897.0,82826.0,14.045446837374936,False
National Total,Yala,Low Country Vegetable,Red Pumpkin,2015,2992.0,39438.0,13.181149732620321,False
National Total,Maha,Low Country Vegetable,Red Pumpkin,2015,4760.0,66439.0,13.957773109243698,False
National Total,Yala,Low Country Vegetable,Red Pumpkin,2016,2582.0,35626.0,13.797831138652208,False
National Total,Maha,Low Country Vegetable,Red Pumpkin,2016,4399.0,62677.0,14.24801091157081,False
National Total,Yala,Low Country Vegetable,Red Pumpkin,2017,2663.0,39021.0,14.653022906496433,False
National Total,Maha,Low Country Vegetable,Red Pumpkin,2017,3497.0,43913.0,12.5573348584501,False
National Total,Yala,Low Country Vegetable,Red Pumpkin,2018,2629.0,39911.0,15.181057436287562,False
National Total,Maha,Low Country Vegetable,Red Pumpkin,2018,5842.0,83350.0,14.267374186922288,False
National Total,Yala,Low Country Vegetable,Red Pumpkin,2019,2564.0,37822.0,14.751170046801873,False
National Total,Maha,Low Country Vegetable,Red Pumpkin,2019,4299.0,59651.0,13.875552454059083,False
National Total,Yala,Low Country Vegetable,Red Pumpkin,2020,3132.1,51361.3,16.398358928514416,False
National Total,Maha,Low Country Vegetable,Red Pumpkin,2020,4609.0,61961.0,13.443480147537427,False
National Total,Yala,Low Country Vegetable,Red Pumpkin,2021,3712.2,47117.8,12.692688971499383,False
National Total,Maha,Low Country Vegetable,Red Pumpkin,2021,4183.1,63032.4,15.068346441634194,False
National Total,Yala,Low Country Vegetable,Red Pumpkin,2022,2852.3,44249.4,15.51358552746906,False
National Total,Maha,Low Country Vegetable,Red Pumpkin,2022,4047.7,416.0,0.1027744150999333,True
National Total,Yala,Low Country Vegetable,Red Pumpkin,2023,2902.0,41779.3,14.39672639558925,False
National Total,Maha,Low Country Vegetable,Red Pumpkin,2023,4793.0,59163.5,12.343730440225329,False
National Total,Yala,Low Country Vegetable,Red Pumpkin,2024,3079.8,42565.3,13.820800051951425,False
National Total,Maha,Low Country Vegetable,Red Pumpkin,2024,4502.4,46840.1,10.403362651030562,False
National Total,Yala,Low Country Vegetable,Red Pumpkin,2025,3207.5,42974.9,13.39825409197194,False
National Total,Maha,Low Country Vegetable,Red Pumpkin,2025,4222.0,48388.9,11.461132164850781,False
National Total,Yala,Low Country Vegetable,Ash Plantain,2012,4289.0,50453.0,11.76334809979016,False
National Total,Maha,Low Country Vegetable,Ash Plantain,2012,5039.0,51372.0,10.194879936495337,False
National Total,Yala,Low Country Vegetable,Ash Plantain,2013,3947.0,39210.0,9.934127185203952,False
National Total,Maha,Low Country Vegetable,Ash Plantain,2013,4799.0,49465.0,10.30735569910398,False
National Total,Yala,Low Country Vegetable,Ash Plantain,2014,3412.0,36286.0,10.634818288393904,False
National Total,Maha,Low Country Vegetable,Ash Plantain,2014,4367.0,48507.0,11.107625372109,False
National Total,Yala,Low Country Vegetable,Ash Plantain,2015,3238.0,35330.0,10.911056207535516,False
National Total,Maha,Low Country Vegetable,Ash Plantain,2015,4416.0,49755.0,11.266983695652174,False
National Total,Yala,Low Country Vegetable,Ash Plantain,2016,3080.0,36250.0,11.769480519480519,False
National Total,Maha,Low Country Vegetable,Ash Plantain,2016,4123.0,45976.0,11.151103565365025,False
National Total,Yala,Low Country Vegetable,Ash Plantain,2017,3082.0,33577.0,10.894548994159637,False
National Total,Maha,Low Country Vegetable,Ash Plantain,2017,3590.0,39125.0,10.8983286908078,False
National Total,Yala,Low Country Vegetable,Ash Plantain,2018,2629.0,30832.0,11.727653100038037,False
National Total,Maha,Low Country Vegetable,Ash Plantain,2018,4673.0,50368.0,10.778514872672801,False
National Total,Yala,Low Country Vegetable,Ash Plantain,2019,2457.0,26080.0,10.614570614570615,False
National Total,Maha,Low Country Vegetable,Ash Plantain,2019,2878.0,37380.0,12.988186240444753,False
National Total,Yala,Low Country Vegetable,Ash Plantain,2020,2360.1,28981.9,12.279945765009959,False
National Total,Maha,Low Country Vegetable,Ash Plantain,2020,2997.0,39147.0,13.062062062062061,False
National Total,Yala,Low Country Vegetable,Ash Plantain,2021,3420.0,31904.7,9.328859649122807,False
National Total,Maha,Low Country Vegetable,Ash Plantain,2021,2916.2,36740.7,12.598827240929976,False
National Total,Yala,Low Country Vegetable,Ash Plantain,2022,2271.4,24926.0,10.973848727656952,False
National Total,Maha,Low Country Vegetable,Ash Plantain,2022,2925.3,35599.8,12.16962362834581,False
National Total,Yala,Low Country Vegetable,Ash Plantain,2023,2065.5,22833.4,11.054659888646817,False
National Total,Maha,Low Country Vegetable,Ash Plantain,2023,4793.0,35369.1,7.379324014187357,True
National Total,Yala,Low Country Vegetable,Ash Plantain,2024,2253.1,24476.5,10.863476987261995,False
National Total,Maha,Low Country Vegetable,Ash Plantain,2024,2754.2,33783.5,12.2661752959117,False
National Total,Yala,Low Country Vegetable,Ash Plantain,2025,2161.2,22124.4,10.237090505274848,False
National Total,Maha,Low Country Vegetable,Ash Plantain,2025,2676.3,29505.7,11.024810372529238,False
National Total,Yala,Up Country Vegetable,Capsicum,2012,1391.0,6939.0,4.988497483824586,True
National Total,Maha,Up Country Vegetable,Capsicum,2012,1789.0,9352.0,5.227501397428731,True
National Total,Yala,Up Country Vegetable,Capsicum,2013,1829.0,11016.0,6.022963367960634,False
National Total,Maha,Up Country Vegetable,Capsicum,2013,2071.0,15424.0,7.447609850313858,False
National Total,Yala,Up Country Vegetable,Capsicum,2014,1744.0,11248.0,6.4495412844036695,False
National Total,Maha,Up Country Vegetable,Capsicum,2014,2316.0,17704.0,7.644214162348877,False
National Total,Yala,Up Country Vegetable,Capsicum,2015,1592.0,10685.0,6.711683417085427,False
National Total,Maha,Up Country Vegetable,Capsicum,2015,2102.0,21676.0,10.312083729781161,True
National Total,Yala,Up Country Vegetable,Capsicum,2016,1588.0,13441.0,8.464105793450882,False
National Total,Maha,Up Country Vegetable,Capsicum,2016,1880.0,16992.0,9.038297872340426,False
National Total,Yala,Up Country Vegetable,Capsicum,2017,1439.0,11953.0,8.306462821403752,False
National Total,Maha,Up Country Vegetable,Capsicum,2017,1767.0,14999.0,8.488398415393322,False
National Total,Yala,Up Country Vegetable,Capsicum,2018,1370.0,11450.0,8.357664233576642,False
National Total,Maha,Up Country Vegetable,Capsicum,2018,2308.0,20859.0,9.037694974003466,False
National Total,Yala,Up Country Vegetable,Capsicum,2019,1244.0,10133.0,8.145498392282958,False
National Total,Maha,Up Country Vegetable,Capsicum,2019,1851.0,16281.0,8.79578606158833,False
National Total,Yala,Up Country Vegetable,Capsicum,2020,1634.5,13306.3,8.140899357601713,False
National Total,Maha,Up Country Vegetable,Capsicum,2020,2064.0,18203.0,8.819282945736434,False
National Total,Yala,Up Country Vegetable,Capsicum,2021,1359.8,11114.6,8.173702015002206,False
National Total,Maha,Up Country Vegetable,Capsicum,2021,1975.5,16373.1,8.288078967350039,False
National Total,Yala,Up Country Vegetable,Capsicum,2022,1337.7,10829.4,8.095537115945278,False
National Total,Maha,Up Country Vegetable,Capsicum,2022,1679.5,15271.0,9.092587079487943,False
National Total,Yala,Up Country Vegetable,Capsicum,2023,1276.7,8662.0,6.784679251194485,False
National Total,Maha,Up Country Vegetable,Capsicum,2023,1728.8,14396.5,8.327452568255438,False
National Total,Yala,Up Country Vegetable,Capsicum,2024,1251.7,8909.0,7.117520172565311,False
National Total,Maha,Up Country Vegetable,Capsicum,2024,1527.5,12264.9,8.029394435351882,False
National Total,Yala,Up Country Vegetable,Capsicum,2025,1143.2,9608.4,8.40482855143457,False
National Total,Maha,Up Country Vegetable,Capsicum,2025,1401.6,11421.5,8.148901255707763,False
National Total,Yala,Low Country Vegetable,Long Bean,2013,2800.0,19109.0,6.824642857142857,True
National Total,Maha,Low Country Vegetable,Long Bean,2013,3271.0,26074.0,7.971262610822379,False
National Total,Yala,Low Country Vegetable,Long Bean,2014,2551.0,18155.0,7.116816934535477,True
National Total,Maha,Low Country Vegetable,Long Bean,2014,4073.0,32977.0,8.09648907439234,False
National Total,Yala,Low Country Vegetable,Long Bean,2015,2936.0,22449.0,7.646117166212534,False
National Total,Maha,Low Country Vegetable,Long Bean,2015,4898.0,33938.0,6.928950592078399,True
National Total,Yala,Low Country Vegetable,Long Bean,2016,2802.0,24066.0,8.588865096359743,False
National Total,Maha,Low Country Vegetable,Long Bean,2016,3938.0,31790.0,8.072625698324023,False
National Total,Yala,Low Country Vegetable,Long Bean,2017,2780.0,24394.0,8.774820143884892,False
National Total,Maha,Low Country Vegetable,Long Bean,2017,3663.0,31460.0,8.588588588588589,False
National Total,Yala,Low Country Vegetable,Long Bean,2018,2971.0,25661.0,8.637159205654662,False
National Total,Maha,Low Country Vegetable,Long Bean,2018,4246.0,34878.0,8.214319359397079,False
National Total,Yala,Low Country Vegetable,Long Bean,2019,3280.0,28641.0,8.732012195121952,False
National Total,Maha,Low Country Vegetable,Long Bean,2019,3848.0,35289.0,9.170738045738046,False
National Total,Yala,Low Country Vegetable,Long Bean,2020,4245.2,36562.2,8.612597757467256,False
National Total,Maha,Low Country Vegetable,Long Bean,2020,4293.0,39084.0,9.104122990915444,False
National Total,Yala,Low Country Vegetable,Long Bean,2021,3370.7,30084.4,8.92526774853888,False
National Total,Maha,Low Country Vegetable,Long Bean,2021,4134.9,35191.5,8.510846695204238,False
National Total,Yala,Low Country Vegetable,Long Bean,2022,3613.2,30735.2,8.506365548544228,False
National Total,Maha,Low Country Vegetable,Long Bean,2022,4331.3,35535.9,8.204442084362663,False
National Total,Yala,Low Country Vegetable,Long Bean,2023,3308.3,27455.8,8.299065985551492,False
National Total,Maha,Low Country Vegetable,Long Bean,2023,4498.4,35395.3,7.868419882624934,False
National Total,Yala,Low Country Vegetable,Long Bean,2024,3431.4,28854.8,8.409045870490178,False
National Total,Maha,Low Country Vegetable,Long Bean,2024,4398.2,35539.2,8.080396525851484,False
National Total,Yala,Low Country Vegetable,Long Bean,2025,3454.5,29515.4,8.544044000578955,False
National Total,Maha,Low Country Vegetable,Long Bean,2025,3454.5,34926.0,10.11029092488059,True
National Total,Maha,Low Country Vegetable,Egg Plant,2013,783.0,5908.0,7.545338441890166,False
National Total,Yala,Low Country Vegetable,Egg Plant,2014,563.0,5638.0,10.014209591474245,False
National Total,Maha,Low Country Vegetable,Egg Plant,2014,1285.0,13270.0,10.326848249027238,False
National Total,Yala,Low Country Vegetable,Egg Plant,2015,515.0,4256.0,8.264077669902912,False
National Total,Maha,Low Country Vegetable,Egg Plant,2015,950.0,12227.0,12.870526315789474,False
National Total,Yala,Low Country Vegetable,Egg Plant,2016,467.0,4871.0,10.430406852248394,False
National Total,Maha,Low Country Vegetable,Egg Plant,2016,892.0,9628.0,10.79372197309417,False
National Total,Yala,Low Country Vegetable,Egg Plant,2017,457.0,4693.0,10.269146608315099,False
National Total,Maha,Low Country Vegetable,Egg Plant,2017,802.0,12538.0,15.633416458852867,True
National Total,Yala,Low Country Vegetable,Egg Plant,2018,626.0,6688.0,10.68370607028754,False
National Total,Maha,Low Country Vegetable,Egg Plant,2018,1308.0,13104.0,10.01834862385321,False
National Total,Yala,Low Country Vegetable,Egg Plant,2019,570.0,5748.0,10.08421052631579,False
National Total,Maha,Low Country Vegetable,Egg Plant,2019,831.0,8719.0,10.492178098676293,False
National Total,Yala,Low Country Vegetable,Egg Plant,2020,772.8,7225.8,9.350155279503106,False
National Total,Maha,Low Country Vegetable,Egg Plant,2020,1046.0,9178.0,8.774378585086042,False
National Total,Yala,Low Country Vegetable,Egg Plant,2021,865.6,6756.2,7.8052218114602585,False
National Total,Maha,Low Country Vegetable,Egg Plant,2021,1131.4,10121.8,8.94626126922397,False
National Total,Yala,Low Country Vegetable,Egg Plant,2022,749.6,6085.9,8.118863393810031,False
National Total,Maha,Low Country Vegetable,Egg Plant,2022,908.5,7516.2,8.273197578425977,False
National Total,Yala,Low Country Vegetable,Egg Plant,2023,658.4,5405.6,8.210206561360875,False
National Total,Maha,Low Country Vegetable,Egg Plant,2023,966.4,7502.3,7.763141556291391,False
National Total,Yala,Low Country Vegetable,Egg Plant,2024,689.6,5170.5,7.497824825986078,False
National Total,Maha,Low Country Vegetable,Egg Plant,2024,942.0,7045.2,7.478980891719745,False
National Total,Yala,Low Country Vegetable,Egg Plant,2025,686.0,4907.8,7.154227405247814,False
National Total,Maha,Low Country Vegetable,Egg Plant,2025,878.1,7868.7,8.961052271950802,False
National Total,Maha,Low Country Vegetable,Winged Bean,2013,742.0,4750.0,6.401617250673854,True
National Total,Yala,Low Country Vegetable,Winged Bean,2014,666.0,5583.0,8.382882882882884,False
National Total,Maha,Low Country Vegetable,Winged Bean,2014,916.0,7887.0,8.610262008733624,False
National Total,Yala,Low Country Vegetable,Winged Bean,2015,765.0,6124.0,8.005228758169935,False
National Total,Maha,Low Country Vegetable,Winged Bean,2015,1091.0,9670.0,8.863428047662694,False
National Total,Yala,Low Country Vegetable,Winged Bean,2016,665.0,6603.0,9.929323308270677,False
National Total,Maha,Low Country Vegetable,Winged Bean,2016,1099.0,9361.0,8.517743403093721,False
National Total,Yala,Low Country Vegetable,Winged Bean,2017,706.0,6352.0,8.997167138810198,False
National Total,Maha,Low Country Vegetable,Winged Bean,2017,911.0,10041.0,11.021953896816685,False
National Total,Yala,Low Country Vegetable,Winged Bean,2018,797.0,7952.0,9.97741530740276,False
National Total,Maha,Low Country Vegetable,Winged Bean,2018,1051.0,10334.0,9.832540437678402,False
National Total,Yala,Low Country Vegetable,Winged Bean,2019,855.0,8764.0,10.250292397660818,False
National Total,Maha,Low Country Vegetable,Winged Bean,2019,968.0,9461.0,9.773760330578513,False
National Total,Yala,Low Country Vegetable,Winged Bean,2020,1116.9,10573.6,9.466917360551527,False
National Total,Maha,Low Country Vegetable,Winged Bean,2020,1105.0,10061.0,9.10497737556561,False
National Total,Yala,Low Country Vegetable,Winged Bean,2021,1072.1,10099.8,9.42057643876504,False
National Total,Maha,Low Country Vegetable,Winged Bean,2021,1144.0,10125.0,8.850524475524475,False
National Total,Yala,Low Country Vegetable,Winged Bean,2022,1107.9,10622.3,9.587778680386315,False
National Total,Maha,Low Country Vegetable,Winged Bean,2022,1133.4,10406.2,9.18140109405329,False
National Total,Yala,Low Country Vegetable,Winged Bean,2023,946.0,9528.4,10.0723044397463,False
National Total,Maha,Low Country Vegetable,Winged Bean,2023,1271.1,11265.5,8.86279600346157,False
National Total,Yala,Low Country Vegetable,Winged Bean,2024,986.5,9190.5,9.316269640141916,False
National Total,Maha,Low Country Vegetable,Winged Bean,2024,1209.4,11040.9,9.129237638498427,False
National Total,Yala,Low Country Vegetable,Winged Bean,2025,925.3,8438.8,9.120069166756727,False
National Total,Maha,Low Country Vegetable,Winged Bean,2025,1123.6,10075.9,8.96751512993948,False
National Total,Maha,Low Country Vegetable,Vatana,2013,182.0,3116.0,17.12087912087912,False
National Total,Yala,Low Country Vegetable,Vatana,2014,310.0,5364.0,17.303225806451614,False
National Total,Maha,Low Country Vegetable,Vatana,2014,262.0,4289.0,16.370229007633586,False
National Total,Yala,Low Country Vegetable,Vatana,2015,336.0,5990.0,17.827380952380953,False
National Total,Maha,Low Country Vegetable,Vatana,2015,251.0,3750.0,14.9402390438247,False
National Total,Yala,Low Country Vegetable,Vatana,2016,434.0,9770.0,22.51152073732719,True
National Total,Maha,Low Country Vegetable,Vatana,2016,262.0,7400.0,28.244274809160306,True
National Total,Yala,Low Country Vegetable,Vatana,2017,324.0,4168.0,12.864197530864198,False
National Total,Maha,Low Country Vegetable,Vatana,2017,310.0,4231.0,13.648387096774194,False
National Total,Yala,Low Country Vegetable,Vatana,2018,372.0,5267.0,14.158602150537634,False
National Total,Maha,Low Country Vegetable,Vatana,2018,594.0,6195.0,10.429292929292929,False
National Total,Yala,Low Country Vegetable,Vatana,2019,354.0,4235.0,11.963276836158192,False
National Total,Maha,Low Country Vegetable,Vatana,2019,315.0,4727.0,15.006349206349206,False
National Total,Yala,Low Country Vegetable,Vatana,2020,375.0,5611.4,14.963733333333332,False
National Total,Maha,Low Country Vegetable,Vatana,2020,332.0,4765.0,14.352409638554217,False
National Total,Yala,Low Country Vegetable,Vatana,2021,364.8,4695.4,12.871162280701753,False
National Total,Maha,Low Country Vegetable,Vatana,2021,352.0,4963.3,14.100284090909092,False
National Total,Yala,Low Country Vegetable,Vatana,2022,308.7,4363.2,14.13411078717201,False
National Total,Maha,Low Country Vegetable,Vatana,2022,328.4,4761.0,14.497563946406823,False
National Total,Yala,Low Country Vegetable,Vatana,2023,359.0,4733.0,13.183844011142062,False
National Total,Maha,Low Country Vegetable,Vatana,2023,460.1,5936.7,12.903064551184524,False
National Total,Yala,Low Country Vegetable,Vatana,2024,379.3,4984.7,13.141840232006327,False
National Total,Maha,Low Country Vegetable,Vatana,2024,438.9,5328.0,12.139439507860562,False
National Total,Yala,Low Country Vegetable,Vatana,2025,364.1,4489.3,12.329854435594617,False
National Total,Maha,Low Country Vegetable,Vatana,2025,452.0,6024.3,13.328097345132743,False
National Total,Yala,Low Country Vegetable,Gherkin,2018,347.0,4190.0,12.07492795389049,False
National Total,Maha,Low Country Vegetable,Gherkin,2018,155.0,1635.0,10.548387096774194,False
National Total,Yala,Low Country Vegetable,Gherkin,2019,201.0,2355.0,11.716417910447761,False
National Total,Maha,Low Country Vegetable,Gherkin,2019,139.0,1825.0,13.129496402877697,False
National Total,Yala,Low Country Vegetable,Gherkin,2020,147.8,1738.3,11.761163734776725,False
National Total,Maha,Low Country Vegetable,Gherkin,2020,118.0,1814.0,15.372881355932204,False
National Total,Yala,Low Country Vegetable,Gherkin,2021,120.9,1294.0,10.703060380479736,False
National Total,Maha,Low Country Vegetable,Gherkin,2021,98.8,1294.5,13.102226720647774,False
National Total,Yala,Low Country Vegetable,Gherkin,2022,161.9,1913.7,11.820259419394688,False
National Total,Maha,Low Country Vegetable,Gherkin,2022,120.4,1253.9,10.414451827242525,False
National Total,Yala,Low Country Vegetable,Gherkin,2023,210.5,2746.8,13.04893111638955,False
National Total,Maha,Low Country Vegetable,Gherkin,2023,159.1,1156.2,7.267127592708989,True
National Total,Yala,Low Country Vegetable,Gherkin,2024,263.5,3859.5,14.647058823529411,False
National Total,Maha,Low Country Vegetable,Gherkin,2024,216.2,2447.8,11.321924144310826,False
National Total,Yala,Low Country Vegetable,Gherkin,2025,258.6,3782.0,14.62490332559938,False
National Total,Maha,Low Country Vegetable,Gherkin,2025,151.4,1693.0,11.182298546895641,False
National Total,Yala,Low Country Vegetable,Kekiri,2014,520.0,7129.0,13.709615384615384,False
National Total,Maha,Low Country Vegetable,Kekiri,2014,590.0,4774.0,8.091525423728813,True
National Total,Yala,Low Country Vegetable,Kekiri,2016,629.0,7909.0,12.573926868044515,False
National Total,Maha,Low Country Vegetable,Kekiri,2016,730.0,8927.0,12.228767123287671,False
National Total,Yala,Low Country Vegetable,Kekiri,2017,631.0,7803.0,12.36608557844691,False
National Total,Maha,Low Country Vegetable,Kekiri,2017,741.0,8502.0,11.473684210526315,False
National Total,Yala,Low Country Vegetable,Kekiri,2018,752.0,10000.0,13.297872340425531,False
National Total,Maha,Low Country Vegetable,Kekiri,2018,916.0,9899.0,10.806768558951966,False
National Total,Yala,Low Country Vegetable,Kekiri,2019,768.0,8198.0,10.674479166666666,False
National Total,Maha,Low Country Vegetable,Kekiri,2019,874.0,9787.0,11.197940503432495,False
National Total,Yala,Low Country Vegetable,Kekiri,2020,943.5,11289.2,11.965235824059354,False
National Total,Maha,Low Country Vegetable,Kekiri,2020,1002.0,12416.0,12.39121756487026,False
National Total,Yala,Low Country Vegetable,Kekiri,2021,825.3,10164.0,12.315521628498729,False
National Total,Maha,Low Country Vegetable,Kekiri,2021,1005.6,12005.2,11.938345266507557,False
National Total,Yala,Low Country Vegetable,Kekiri,2022,807.0,9110.5,11.289343246592317,False
National Total,Maha,Low Country Vegetable,Kekiri,2022,1179.3,16120.3,13.669380140761469,False
National Total,Yala,Low Country Vegetable,Kekiri,2023,771.3,8752.0,11.347076364579282,False
National Total,Maha,Low Country Vegetable,Kekiri,2023,1552.7,15555.5,10.018355123333547,False
National Total,Yala,Low Country Vegetable,Kekiri,2024,829.9,10168.0,12.252078563682371,False
National Total,Maha,Low Country Vegetable,Kekiri,2024,1095.1,12664.3,11.564514656195781,False
National Total,Yala,Low Country Vegetable,Kekiri,2025,823.3,10068.8,12.229806874772258,False
National Total,Maha,Low Country Vegetable,Kekiri,2025,1139.6,13277.1,11.650666900666902,False
National Total,Yala,Low Country Vegetable,Drumstics,2018,1145.0,11364.0,9.924890829694323,False
National Total,Maha,Low Country Vegetable,Drumstics,2018,995.0,10155.0,10.206030150753769,False
National Total,Yala,Low Country Vegetable,Drumstics,2019,1155.0,11072.0,9.586147186147187,False
National Total,Maha,Low Country Vegetable,Drumstics,2019,953.0,7927.0,8.31794333683106,False
National Total,Yala,Low Country Vegetable,Drumstics,2020,1142.8,10335.6,9.044102205110256,False
National Total,Maha,Low Country Vegetable,Drumstics,2020,1042.0,10599.0,10.171785028790786,False
National Total,Yala,Low Country Vegetable,Drumstics,2021,1161.2,10666.3,9.185583878746124,False
National Total,Maha,Low Country Vegetable,Drumstics,2021,1059.3,8779.9,8.288397998678372,False
National Total,Yala,Low Country Vegetable,Drumstics,2022,1358.1,11384.2,8.382446064354614,False
National Total,Maha,Low Country Vegetable,Drumstics,2022,1203.8,10429.6,8.663897657418177,False
National Total,Yala,Low Country Vegetable,Drumstics,2024,1632.0,11277.7,6.9103553921568635,False
National Total,Maha,Low Country Vegetable,Drumstics,2024,1239.9,9055.8,7.303653520445196,False
National Total,Yala,Low Country Vegetable,Drumstics,2025,1630.2,11604.3,7.1183290393816705,False
National Total,Maha,Low Country Vegetable,Drumstics,2025,1131.4,9166.4,8.101820753049319,False
National Total,Yala,Low Country Vegetable,Thumba Karavila,2014,23.0,181.0,7.869565217391305,False
National Total,Maha,Low Country Vegetable,Thumba Karavila,2014,101.0,1738.0,17.207920792079207,True
National Total,Yala,Low Country Vegetable,Thumba Karavila,2016,87.0,306.0,3.5172413793103448,False
National Total,Maha,Low Country Vegetable,Thumba Karavila,2016,177.0,1989.0,11.23728813559322,True
National Total,Yala,Low Country Vegetable,Thumba Karavila,2017,64.0,561.0,8.765625,False
National Total,Maha,Low Country Vegetable,Thumba Karavila,2017,126.0,853.0,6.76984126984127,False
National Total,Yala,Low Country Vegetable,Thumba Karavila,2018,122.0,768.0,6.295081967213115,False
National Total,Maha,Low Country Vegetable,Thumba Karavila,2018,143.0,1191.0,8.328671328671328,False
National Total,Yala,Low Country Vegetable,Thumba Karavila,2019,203.0,1541.0,7.5911330049261085,False
National Total,Maha,Low Country Vegetable,Thumba Karavila,2019,270.0,2063.0,7.640740740740741,False
National Total,Yala,Low Country Vegetable,Thumba Karavila,2020,227.9,1452.5,6.37340939008337,False
National Total,Maha,Low Country Vegetable,Thumba Karavila,2020,261.0,1764.0,6.758620689655173,False
National Total,Yala,Low Country Vegetable,Thumba Karavila,2021,163.7,1282.8,7.836285888821014,False
National Total,Maha,Low Country Vegetable,Thumba Karavila,2021,239.2,1515.8,6.336956521739131,False
National Total,Yala,Low Country Vegetable,Thumba Karavila,2022,161.6,1275.3,7.891707920792079,False
National Total,Maha,Low Country Vegetable,Thumba Karavila,2022,174.6,1153.8,6.608247422680412,False
National Total,Yala,Low Country Vegetable,Thumba Karavila,2023,137.4,794.7,5.783842794759825,False
National Total,Maha,Low Country Vegetable,Thumba Karavila,2023,162.7,1040.9,6.3976644130301175,False
National Total,Yala,Low Country Vegetable,Thumba Karavila,2024,134.1,752.2,5.609246830723341,False
National Total,Maha,Low Country Vegetable,Thumba Karavila,2024,148.1,852.7,5.757596218771101,False
National Total,Yala,Low Country Vegetable,Thumba Karavila,2025,114.0,512.9,4.499122807017543,False
National Total,Maha,Low Country Vegetable,Thumba Karavila,2025,144.6,850.3,5.8803596127247575,False
National Total,Yala,Up Country Vegetable,Coli Flower,2014,65.0,760.0,11.692307692307692,False
National Total,Maha,Up Country Vegetable,Coli Flower,2014,41.0,385.0,9.390243902439025,False
National Total,Yala,Up Country Vegetable,Coli Flower,2016,139.0,940.0,6.762589928057554,False
National Total,Maha,Up Country Vegetable,Coli Flower,2016,80.0,1043.0,13.0375,False
National Total,Yala,Up Country Vegetable,Coli Flower,2017,209.0,1494.0,7.148325358851674,False
National Total,Maha,Up Country Vegetable,Coli Flower,2017,99.0,785.0,7.929292929292929,False
National Total,Yala,Up Country Vegetable,Coli Flower,2018,131.0,940.0,7.175572519083969,False
National Total,Maha,Up Country Vegetable,Coli Flower,2018,105.0,676.0,6.438095238095238,False
National Total,Yala,Up Country Vegetable,Coli Flower,2019,198.0,1753.0,8.853535353535353,False
National Total,Maha,Up Country Vegetable,Coli Flower,2019,113.0,1334.0,11.805309734513274,False
National Total,Yala,Up Country Vegetable,Coli Flower,2020,674.4,1927.3,2.8577995255041517,False
National Total,Maha,Up Country Vegetable,Coli Flower,2020,135.0,1352.0,10.014814814814814,False
National Total,Yala,Up Country Vegetable,Coli Flower,2021,100.0,1005.8,10.058,False
National Total,Maha,Up Country Vegetable,Coli Flower,2021,101.1,824.0,8.15034619188922,False
National Total,Yala,Up Country Vegetable,Coli Flower,2022,93.6,913.1,9.75534188034188,False
National Total,Maha,Up Country Vegetable,Coli Flower,2022,97.2,498.7,5.1306584362139915,False
National Total,Yala,Up Country Vegetable,Coli Flower,2023,174.8,1334.2,7.632723112128146,False
National Total,Maha,Up Country Vegetable,Coli Flower,2023,93.4,553.8,5.92933618843683,False
National Total,Yala,Up Country Vegetable,Coli Flower,2024,120.8,887.6,7.347682119205299,False
National Total,Maha,Up Country Vegetable,Coli Flower,2024,116.5,1149.5,9.866952789699571,False
National Total,Yala,Up Country Vegetable,Coli Flower,2025,89.9,549.7,6.114571746384872,False
National Total,Maha,Up Country Vegetable,Coli Flower,2025,119.1,1157.4,9.71788413098237,False
National Total,Yala,Low Country Vegetable,Brinjals,2012,4815.0,48163.0,10.00269989615784,False
National Total,Maha,Low Country Vegetable,Brinjals,2012,6945.0,79000.0,11.375089992800575,False
National Total,Yala,Low Country Vegetable,Brinjals,2013,5218.0,54099.0,10.367765427366807,False
National Total,Maha,Low Country Vegetable,Brinjals,2013,7078.0,75808.0,10.710370161062446,False
National Total,Yala,Low Country Vegetable,Brinjals,2014,4397.0,45762.0,10.407550602683648,False
National Total,Maha,Low Country Vegetable,Brinjals,2014,7004.0,80907.0,11.551541976013706,False
National Total,Yala,Low Country Vegetable,Brinjals,2015,4674.0,49548.0,10.600770218228497,False
National Total,Maha,Low Country Vegetable,Brinjals,2015,6157.0,74084.0,12.032483352281956,False
National Total,Yala,Low Country Vegetable,Brinjals,2016,4633.0,58652.0,12.65961579969782,False
National Total,Maha,Low Country Vegetable,Brinjals,2016,5662.0,68542.0,12.105616389968208,False
National Total,Yala,Low Country Vegetable,Brinjals,2017,4013.0,47047.0,11.723648143533516,False
National Total,Maha,Low Country Vegetable,Brinjals,2017,5650.0,61809.0,10.939646017699115,False
National Total,Yala,Low Country Vegetable,Brinjals,2018,4138.0,50965.0,12.316336394393426,False
National Total,Maha,Low Country Vegetable,Brinjals,2018,6698.0,78247.0,11.682143923559272,False
National Total,Yala,Low Country Vegetable,Brinjals,2019,4378.0,67669.0,15.456601187756966,True
National Total,Maha,Low Country Vegetable,Brinjals,2019,5499.0,67194.0,12.219312602291327,False
National Total,Yala,Low Country Vegetable,Brinjals,2020,5171.0,66829.9,12.923979887836007,False
National Total,Maha,Low Country Vegetable,Brinjals,2020,5938.0,75052.0,12.639272482317278,False
National Total,Yala,Low Country Vegetable,Brinjals,2021,4808.1,58749.8,12.21892223539444,False
National Total,Maha,Low Country Vegetable,Brinjals,2021,5915.2,70766.3,11.96346700027049,False
National Total,Yala,Low Country Vegetable,Brinjals,2022,4953.0,61627.9,12.44253987482334,False
National Total,Maha,Low Country Vegetable,Brinjals,2022,5818.9,66620.9,11.449053944903676,False
National Total,Yala,Low Country Vegetable,Brinjals,2023,4609.7,54449.6,11.81196173286765,False
National Total,Maha,Low Country Vegetable,Brinjals,2023,6485.4,80637.2,12.433650969870786,False
National Total,Yala,Low Country Vegetable,Brinjals,2024,4811.7,54660.4,11.359893592701125,False
National Total,Maha,Low Country Vegetable,Brinjals,2024,9571.1,69583.5,7.2701674833613685,True
National Total,Yala,Low Country Vegetable,Brinjals,2025,4796.8,55577.6,11.586390927284857,False
National Total,Maha,Low Country Vegetable,Brinjals,2025,5768.0,64544.8,11.190152565880721,False
National Total,Yala,Up Country Vegetable,Knolkhol,2012,681.0,6435.0,9.449339207048459,False
National Total,Maha,Up Country Vegetable,Knolkhol,2012,704.0,7851.0,11.151988636363637,False
National Total,Yala,Up Country Vegetable,Knolkhol,2013,779.0,9233.0,11.85237483953787,False
National Total,Maha,Up Country Vegetable,Knolkhol,2013,610.0,8575.0,14.057377049180328,False
National Total,Yala,Up Country Vegetable,Knolkhol,2014,781.0,9856.0,12.619718309859154,False
National Total,Maha,Up Country Vegetable,Knolkhol,2014,677.0,8710.0,12.865583456425407,False
National Total,Yala,Up Country Vegetable,Knolkhol,2015,651.0,7520.0,11.551459293394776,False
National Total,Maha,Up Country Vegetable,Knolkhol,2015,700.0,9427.0,13.467142857142857,False
National Total,Yala,Up Country Vegetable,Knolkhol,2016,571.0,8512.0,14.907180385288967,False
National Total,Maha,Up Country Vegetable,Knolkhol,2016,573.0,7348.0,12.823734729493891,False
National Total,Yala,Up Country Vegetable,Knolkhol,2017,557.0,7551.0,13.556552962298024,False
National Total,Maha,Up Country Vegetable,Knolkhol,2017,584.0,6597.0,11.29623287671233,False
National Total,Yala,Up Country Vegetable,Knolkhol,2018,606.0,10382.0,17.13201320132013,False
National Total,Maha,Up Country Vegetable,Knolkhol,2018,685.0,9120.0,13.313868613138686,False
National Total,Yala,Up Country Vegetable,Knolkhol,2019,353.0,8584.0,24.31728045325779,True
National Total,Maha,Up Country Vegetable,Knolkhol,2019,703.0,6722.0,9.561877667140825,False
National Total,Yala,Up Country Vegetable,Knolkhol,2020,791.8,10179.3,12.855897954028794,False
National Total,Maha,Up Country Vegetable,Knolkhol,2020,697.0,6866.0,9.850789096126256,False
National Total,Yala,Up Country Vegetable,Knolkhol,2021,790.4,9879.4,12.49924089068826,False
National Total,Maha,Up Country Vegetable,Knolkhol,2021,627.2,5749.0,9.166135204081632,False
National Total,Yala,Up Country Vegetable,Knolkhol,2022,758.4,9180.2,12.104694092827005,False
National Total,Maha,Up Country Vegetable,Knolkhol,2022,642.0,5787.8,9.015264797507788,False
National Total,Yala,Up Country Vegetable,Knolkhol,2023,793.7,8011.6,10.093990172609297,False
National Total,Maha,Up Country Vegetable,Knolkhol,2023,624.1,6429.6,10.302195161031886,False
National Total,Yala,Up Country Vegetable,Knolkhol,2024,716.8,7039.8,9.821149553571429,False
National Total,Maha,Up Country Vegetable,Knolkhol,2024,649.2,7470.5,11.507239679605668,False
National Total,Yala,Up Country Vegetable,Knolkhol,2025,577.1,5955.4,10.319528677872118,False
National Total,Maha,Up Country Vegetable,Knolkhol,2025,496.3,6696.9,13.493653032440056,False
National Total,Yala,Up Country Vegetable,Beans,2012,3451.0,19382.0,5.616343088959722,True
National Total,Maha,Up Country Vegetable,Beans,2012,4141.0,27603.0,6.665781212267568,False
National Total,Yala,Up Country Vegetable,Beans,2013,3544.0,33991.0,9.591139954853274,False
National Total,Maha,Up Country Vegetable,Beans,2013,4369.0,49575.0,11.346990157930877,False
National Total,Yala,Up Country Vegetable,Beans,2014,3502.0,32659.0,9.3258138206739,False
National Total,Maha,Up Country Vegetable,Beans,2014,4480.0,48549.0,10.836830357142857,False
National Total,Yala,Up Country Vegetable,Beans,2015,3535.0,28884.0,8.170862800565772,False
National Total,Maha,Up Country Vegetable,Beans,2015,4743.0,37279.0,7.859793379717479,False
National Total,Yala,Up Country Vegetable,Beans,2016,3512.0,39266.0,11.180523917995444,False
National Total,Maha,Up Country Vegetable,Beans,2016,5016.0,44100.0,8.791866028708133,False
National Total,Yala,Up Country Vegetable,Beans,2017,3344.0,37390.0,11.18122009569378,False
National Total,Maha,Up Country Vegetable,Beans,2017,4382.0,49995.0,11.409173893199453,False
National Total,Yala,Up Country Vegetable,Beans,2018,3269.0,33171.0,10.147139798103396,False
National Total,Maha,Up Country Vegetable,Beans,2018,4078.0,50795.0,12.455860716037273,False
National Total,Yala,Up Country Vegetable,Beans,2019,2912.0,26770.0,9.192994505494505,False
National Total,Maha,Up Country Vegetable,Beans,2019,3549.0,38680.0,10.898844744998591,False
National Total,Yala,Up Country Vegetable,Beans,2020,3568.3,40318.0,11.298937869573747,False
National Total,Maha,Up Country Vegetable,Beans,2020,4261.0,42655.0,10.010560901196902,False
National Total,Yala,Up Country Vegetable,Beans,2021,3481.4,36680.5,10.536134888263343,False
National Total,Maha,Up Country Vegetable,Beans,2021,4116.3,40184.4,9.762262225785292,False
National Total,Yala,Up Country Vegetable,Beans,2022,3327.3,33928.7,10.197066690710184,False
National Total,Maha,Up Country Vegetable,Beans,2022,3156.8,34253.2,10.850608210846426,False
National Total,Yala,Up Country Vegetable,Beans,2023,2460.0,25287.4,10.279430894308943,False
National Total,Maha,Up Country Vegetable,Beans,2023,3277.9,41139.1,12.55044388175356,False
National Total,Yala,Up Country Vegetable,Beans,2024,2547.7,26128.2,10.255603092985831,False
National Total,Maha,Up Country Vegetable,Beans,2024,2628.4,36344.8,13.82772789529752,False
National Total,Yala,Up Country Vegetable,Beans,2025,2891.1,26225.2,9.071011033862543,False
National Total,Maha,Up Country Vegetable,Beans,2025,1939.3,20468.1,10.55437529005311,False
