District,Season,CropCategory,Crop,Year,Extent,Production,Yield_t_ha,Yield_IQR_Flag,AnchorMonth,AnchorDate,ForecastDate,WeatherWindowStart,WeatherWindowEnd,Rainfall_3M_mm,TempMean_3M_C,WindSpeed_3M_kmh,SolarRadiation_3M_MJ_m2,ET0_3M_mm,WeatherDays_3M,Leakage_Check,Weather_Completeness_OK,PrevMonthWholesalePrice_RsKg,NextMonthWholesalePrice_RsKg
National Total,Yala,Low Country Vegetable,Luffa,2012,1861.0,17053.0,9.16335303600215,False,4,2012-04-01,2012-04-01,2012-01-01,2012-03-31,192.81481481481484,24.95641025641025,12.757427757427756,20.49129019129019,391.8188888888889,91,True,True,34.223333333333336,53.8075
National Total,Maha,Low Country Vegetable,Luffa,2012,2840.0,25733.0,9.060915492957747,False,9,2012-09-01,2012-09-01,2012-06-01,2012-08-31,271.4518518518518,26.73909017713365,21.219847020933976,19.93822463768116,436.74740740740737,92,True,True,35.4775,59.026
National Total,Yala,Low Country Vegetable,Luffa,2013,1985.0,17801.0,8.967758186397985,False,4,2013-04-01,2013-04-01,2013-01-01,2013-03-31,479.52592592592606,24.79600823045267,13.010246913580248,18.615028806584363,349.47962962962964,90,True,True,48.97,49.265
National Total,Maha,Low Country Vegetable,Luffa,2013,3005.0,28598.0,9.516805324459234,False,9,2013-09-01,2013-09-01,2013-06-01,2013-08-31,378.27777777777777,26.0592190016103,20.98921095008052,19.044879227053144,398.4211111111111,92,True,True,49.625,41.22
National Total,Yala,Low Country Vegetable,Luffa,2014,1881.0,16066.0,8.541201488569909,False,4,2014-04-01,2014-04-01,2014-01-01,2014-03-31,184.15185185185183,25.0727572016461,14.82559670781893,20.222942386831274,394.5177777777778,90,True,True,51.71,87.435
National Total,Maha,Low Country Vegetable,Luffa,2014,3007.0,29143.0,9.691719321582973,False,9,2014-09-01,2014-09-01,2014-06-01,2014-08-31,278.4000000000001,26.76694847020934,21.32246376811594,19.86382045088567,429.4092592592592,92,True,True,29.49,68.75
National Total,Yala,Low Country Vegetable,Luffa,2015,1830.0,17723.0,9.684699453551913,False,4,2015-04-01,2015-04-01,2015-01-01,2015-03-31,210.2703703703704,24.861152263374485,12.927777777777775,20.35349794238683,382.60925925925926,90,True,True,40.11,55.955
National Total,Maha,Low Country Vegetable,Luffa,2015,2634.0,28958.0,10.993925588458618,False,9,2015-09-01,2015-09-01,2015-06-01,2015-08-31,302.1962962962963,26.68128019323672,20.14830917874396,20.037846215780995,419.2903703703704,92,True,True,49.998000000000005,70.405
National Total,Yala,Low Country Vegetable,Luffa,2016,1717.0,17245.0,10.043680838672104,False,4,2016-04-01,2016-04-01,2016-01-01,2016-03-31,103.57407407407408,26.05075295075295,13.816646316646317,20.77905982905984,412.6448148148148,91,True,True,69.7925,102.534
National Total,Maha,Low Country Vegetable,Luffa,2016,2235.0,23170.0,10.3668903803132,False,9,2016-09-01,2016-09-01,2016-06-01,2016-08-31,265.61481481481485,26.633494363929145,20.95998389694042,19.82029388083736,416.3766666666666,92,True,True,30.8,84.97200000000001
National Total,Yala,Low Country Vegetable,Luffa,2017,1442.0,15961.0,11.06865464632455,False,4,2017-04-01,2017-04-01,2017-01-01,2017-03-31,313.99999999999994,24.675596707818933,15.267901234567905,20.136897119341565,381.8151851851852,90,True,True,178.65384615384573,88.83333333333333
National Total,Maha,Low Country Vegetable,Luffa,2017,2965.0,30227.0,10.19460370994941,False,9,2017-09-01,2017-09-01,2017-06-01,2017-08-31,394.8037037037038,26.89971819645732,20.743679549114336,18.80973027375201,408.6885185185185,92,True,True,66.66666666583333,70.61904762
National Total,Yala,Low Country Vegetable,Luffa,2018,1576.0,17502.0,11.10532994923858,False,4,2018-04-01,2018-04-01,2018-01-01,2018-03-31,228.24444444444447,24.822592592592592,15.51699588477366,19.673259259259257,376.64962962962966,90,True,True,47.5178571425,108.125
National Total,Yala,Low Country Vegetable,Luffa,2019,1518.0,15858.0,10.446640316205531,False,4,2019-04-01,2019-04-01,2019-01-01,2019-03-31,233.3592592592593,25.21213991769548,15.569341563786008,20.74994650205761,397.587037037037,90,True,True,103.0,75.75
National Total,Yala,Low Country Vegetable,Luffa,2020,1899.2,19957.1,10.508161331086772,False,4,2020-04-01,2020-04-01,2020-01-01,2020-03-31,105.40370370370368,25.679527879527875,16.7981277981278,21.646776556776555,429.8481481481482,91,True,True,63.0,103.5
National Total,Yala,Low Country Vegetable,Luffa,2021,1779.6,19782.5,11.1162620813666,False,4,2021-04-01,2021-04-01,2021-01-01,2021-03-31,465.2629629629629,24.74477366255144,14.810617283950616,18.874930041152265,351.975925925926,90,True,True,118.6,98.66666666666669
National Total,Maha,Low Country Vegetable,Luffa,2021,2179.0,25434.2,11.67241854061496,False,9,2021-09-01,2021-09-01,2021-06-01,2021-08-31,439.22592592592594,26.359460547504025,20.130676328502418,19.065225442834134,397.3851851851852,92,True,True,82.0416666675,99.75
National Total,Yala,Low Country Vegetable,Luffa,2022,1778.1,19288.1,10.847590124289972,False,4,2022-04-01,2022-04-01,2022-01-01,2022-03-31,218.6888888888889,24.939917695473245,15.03860082304527,20.776477366255143,389.06666666666666,90,True,True,138.318181825,232.86984128
National Total,Maha,Low Country Vegetable,Luffa,2022,2248.0,24438.0,10.87099644128114,False,9,2022-09-01,2022-09-01,2022-06-01,2022-08-31,441.5444444444444,26.04786634460548,19.90024154589372,19.10479871175524,393.2974074074073,92,True,True,188.4,190.8
National Total,Yala,Low Country Vegetable,Luffa,2023,1679.9,18416.9,10.963093041252456,False,4,2023-04-01,2023-04-01,2023-01-01,2023-03-31,322.77777777777777,24.415390946502058,15.564444444444444,20.30167489711934,375.3025925925926,90,True,True,185.25,247.6
National Total,Maha,Low Country Vegetable,Luffa,2023,2408.4,24851.9,10.318842384985883,False,9,2023-09-01,2023-09-01,2023-06-01,2023-08-31,310.97777777777776,27.081119162640903,20.28341384863124,20.70217391304348,445.98481481481485,92,True,True,109.75,205.0
National Total,Yala,Low Country Vegetable,Bandakka,2012,3195.0,27124.0,8.489514866979656,False,4,2012-04-01,2012-04-01,2012-01-01,2012-03-31,192.81481481481484,24.95641025641025,12.757427757427756,20.49129019129019,391.8188888888889,91,True,True,21.83333333333333,59.955
National Total,Maha,Low Country Vegetable,Bandakka,2012,4512.0,38327.0,8.494459219858156,False,9,2012-09-01,2012-09-01,2012-06-01,2012-08-31,271.4518518518518,26.73909017713365,21.219847020933976,19.93822463768116,436.74740740740737,92,True,True,20.6575,59.912
National Total,Yala,Low Country Vegetable,Bandakka,2013,3635.0,30957.0,8.51636863823934,False,4,2013-04-01,2013-04-01,2013-01-01,2013-03-31,479.52592592592606,24.79600823045267,13.010246913580248,18.615028806584363,349.47962962962964,90,True,True,42.125,34.5975
National Total,Maha,Low Country Vegetable,Bandakka,2013,4734.0,38658.0,8.166032953105196,False,9,2013-09-01,2013-09-01,2013-06-01,2013-08-31,378.27777777777777,26.0592190016103,20.98921095008052,19.044879227053144,398.4211111111111,92,True,True,31.625,36.875
National Total,Yala,Low Country Vegetable,Bandakka,2014,3892.0,27272.0,7.0071942446043165,True,4,2014-04-01,2014-04-01,2014-01-01,2014-03-31,184.15185185185183,25.0727572016461,14.82559670781893,20.222942386831274,394.5177777777778,90,True,True,34.528,84.58
National Total,Maha,Low Country Vegetable,Bandakka,2014,4567.0,39697.0,8.692139259908036,False,9,2014-09-01,2014-09-01,2014-06-01,2014-08-31,278.4000000000001,26.76694847020934,21.32246376811594,19.86382045088567,429.4092592592592,92,True,True,23.245,66.5
National Total,Yala,Low Country Vegetable,Bandakka,2015,3293.0,28689.0,8.712116610993016,False,4,2015-04-01,2015-04-01,2015-01-01,2015-03-31,210.2703703703704,24.861152263374485,12.927777777777775,20.35349794238683,382.60925925925926,90,True,True,28.398000000000003,58.7925
National Total,Maha,Low Country Vegetable,Bandakka,2015,4105.0,37435.0,9.119366626065773,False,9,2015-09-01,2015-09-01,2015-06-01,2015-08-31,302.1962962962963,26.68128019323672,20.14830917874396,20.037846215780995,419.2903703703704,92,True,True,28.694,57.2375
National Total,Yala,Low Country Vegetable,Bandakka,2016,3270.0,31459.0,9.620489296636086,False,4,2016-04-01,2016-04-01,2016-01-01,2016-03-31,103.57407407407408,26.05075295075295,13.816646316646317,20.77905982905984,412.6448148148148,91,True,True,56.67,78.5
National Total,Maha,Low Country Vegetable,Bandakka,2016,3803.0,35260.0,9.271627662371811,False,9,2016-09-01,2016-09-01,2016-06-01,2016-08-31,265.61481481481485,26.633494363929145,20.95998389694042,19.82029388083736,416.3766666666666,92,True,True,24.524,60.832
National Total,Yala,Low Country Vegetable,Bandakka,2017,3077.0,27287.0,8.868053298667533,False,4,2017-04-01,2017-04-01,2017-01-01,2017-03-31,313.99999999999994,24.675596707818933,15.267901234567905,20.136897119341565,381.8151851851852,90,True,True,90.89743589743588,74.44230769230765
National Total,Maha,Low Country Vegetable,Bandakka,2017,3752.0,34142.0,9.099680170575692,False,9,2017-09-01,2017-09-01,2017-06-01,2017-08-31,394.8037037037038,26.89971819645732,20.743679549114336,18.80973027375201,408.6885185185185,92,True,True,33.73397435814099,67.16666666733333
National Total,Yala,Low Country Vegetable,Bandakka,2018,3826.0,28883.0,7.549137480397282,False,4,2018-04-01,2018-04-01,2018-01-01,2018-03-31,228.24444444444447,24.822592592592592,15.51699588477366,19.673259259259257,376.64962962962966,90,True,True,33.541666665,97.291666685
National Total,Yala,Low Country Vegetable,Bandakka,2019,3123.0,35107.0,11.241434518091578,True,4,2019-04-01,2019-04-01,2019-01-01,2019-03-31,233.3592592592593,25.21213991769548,15.569341563786008,20.74994650205761,397.587037037037,90,True,True,67.25,69.5
National Total,Yala,Low Country Vegetable,Bandakka,2020,3845.1,35828.0,9.317833086265637,False,4,2020-04-01,2020-04-01,2020-01-01,2020-03-31,105.40370370370368,25.679527879527875,16.7981277981278,21.646776556776555,429.8481481481482,91,True,True,26.5,64.4375
National Total,Yala,Low Country Vegetable,Bandakka,2021,3555.2,36056.8,10.141989198919893,False,4,2021-04-01,2021-04-01,2021-01-01,2021-03-31,465.2629629629629,24.74477366255144,14.810617283950616,18.874930041152265,351.975925925926,90,True,True,71.666666666,90.33333333333331
National Total,Maha,Low Country Vegetable,Bandakka,2021,3959.5,37689.8,9.518828134865512,False,9,2021-09-01,2021-09-01,2021-06-01,2021-08-31,439.22592592592594,26.359460547504025,20.130676328502418,19.065225442834134,397.3851851851852,92,True,True,78.14423077000001,105.75
National Total,Yala,Low Country Vegetable,Bandakka,2022,3650.8,36181.0,9.910430590555494,False,4,2022-04-01,2022-04-01,2022-01-01,2022-03-31,218.6888888888889,24.939917695473245,15.03860082304527,20.776477366255143,389.06666666666666,90,True,True,46.75,178.0
National Total,Maha,Low Country Vegetable,Bandakka,2022,4173.1,37294.3,8.936833529031176,False,9,2022-09-01,2022-09-01,2022-06-01,2022-08-31,441.5444444444444,26.04786634460548,19.90024154589372,19.10479871175524,393.2974074074073,92,True,True,139.0,105.2
National Total,Yala,Low Country Vegetable,Bandakka,2023,3362.3,31350.8,9.32421259257056,False,4,2023-04-01,2023-04-01,2023-01-01,2023-03-31,322.77777777777777,24.415390946502058,15.564444444444444,20.30167489711934,375.3025925925926,90,True,True,157.75,142.2
National Total,Maha,Low Country Vegetable,Bandakka,2023,4474.6,38984.3,8.712354176909669,False,9,2023-09-01,2023-09-01,2023-06-01,2023-08-31,310.97777777777776,27.081119162640903,20.28341384863124,20.70217391304348,445.98481481481485,92,True,True,79.5,136.4
National Total,Yala,Low Country Vegetable,Bitter Gourd,2012,1899.0,18601.0,9.795155344918378,False,4,2012-04-01,2012-04-01,2012-01-01,2012-03-31,192.81481481481484,24.95641025641025,12.757427757427756,20.49129019129019,391.8188888888889,91,True,True,47.46333333333333,86.1125
National Total,Maha,Low Country Vegetable,Bitter Gourd,2012,2790.0,25502.0,9.140501792114696,False,9,2012-09-01,2012-09-01,2012-06-01,2012-08-31,271.4518518518518,26.73909017713365,21.219847020933976,19.93822463768116,436.74740740740737,92,True,True,58.88,89.28
National Total,Yala,Low Country Vegetable,Bitter Gourd,2013,2020.0,19265.0,9.537128712871286,False,4,2013-04-01,2013-04-01,2013-01-01,2013-03-31,479.52592592592606,24.79600823045267,13.010246913580248,18.615028806584363,349.47962962962964,90,True,True,71.35,66.64
National Total,Maha,Low Country Vegetable,Bitter Gourd,2013,2908.0,26876.0,9.242090784044017,False,9,2013-09-01,2013-09-01,2013-06-01,2013-08-31,378.27777777777777,26.0592190016103,20.98921095008052,19.044879227053144,398.4211111111111,92,True,True,31.75,51.6425
National Total,Yala,Low Country Vegetable,Bitter Gourd,2014,2020.0,19265.0,9.537128712871286,False,4,2014-04-01,2014-04-01,2014-01-01,2014-03-31,184.15185185185183,25.0727572016461,14.82559670781893,20.222942386831274,394.5177777777778,90,True,True,81.408,104.7875
National Total,Maha,Low Country Vegetable,Bitter Gourd,2014,2908.0,26876.0,9.242090784044017,False,9,2014-09-01,2014-09-01,2014-06-01,2014-08-31,278.4000000000001,26.76694847020934,21.32246376811594,19.86382045088567,429.4092592592592,92,True,True,32.5,82.5
National Total,Yala,Low Country Vegetable,Bitter Gourd,2015,1811.0,19446.0,10.73771397018222,False,4,2015-04-01,2015-04-01,2015-01-01,2015-03-31,210.2703703703704,24.861152263374485,12.927777777777775,20.35349794238683,382.60925925925926,90,True,True,77.38199999999999,92.0
National Total,Maha,Low Country Vegetable,Bitter Gourd,2015,2448.0,24061.0,9.828839869281046,False,9,2015-09-01,2015-09-01,2015-06-01,2015-08-31,302.1962962962963,26.68128019323672,20.14830917874396,20.037846215780995,419.2903703703704,92,True,True,74.396,129.47
National Total,Yala,Low Country Vegetable,Bitter Gourd,2016,1635.0,17382.0,10.63119266055046,False,4,2016-04-01,2016-04-01,2016-01-01,2016-03-31,103.57407407407408,26.05075295075295,13.816646316646317,20.77905982905984,412.6448148148148,91,True,True,71.8275,141.47
National Total,Maha,Low Country Vegetable,Bitter Gourd,2016,2200.0,24718.0,11.235454545454546,False,9,2016-09-01,2016-09-01,2016-06-01,2016-08-31,265.61481481481485,26.633494363929145,20.95998389694042,19.82029388083736,416.3766666666666,92,True,True,43.78,101.286
National Total,Yala,Low Country Vegetable,Bitter Gourd,2017,1323.0,16778.0,12.681783824640968,False,4,2017-04-01,2017-04-01,2017-01-01,2017-03-31,313.99999999999994,24.675596707818933,15.267901234567905,20.136897119341565,381.8151851851852,90,True,True,113.84523809523776,156.374725274725
National Total,Maha,Low Country Vegetable,Bitter Gourd,2017,1863.0,20234.0,10.860976918947934,False,9,2017-09-01,2017-09-01,2017-06-01,2017-08-31,394.8037037037038,26.89971819645732,20.743679549114336,18.80973027375201,408.6885185185185,92,True,True,96.5595238178571,194.9904762
National Total,Yala,Low Country Vegetable,Bitter Gourd,2018,1423.0,16496.0,11.592410400562192,False,4,2018-04-01,2018-04-01,2018-01-01,2018-03-31,228.24444444444447,24.822592592592592,15.51699588477366,19.673259259259257,376.64962962962966,90,True,True,71.93452381,211.75
National Total,Yala,Low Country Vegetable,Bitter Gourd,2019,1431.0,15966.0,11.157232704402515,False,4,2019-04-01,2019-04-01,2019-01-01,2019-03-31,233.3592592592593,25.21213991769548,15.569341563786008,20.74994650205761,397.587037037037,90,True,True,164.702380925,210.1282051
National Total,Yala,Low Country Vegetable,Bitter Gourd,2020,1917.2,20954.7,10.929845608178594,False,4,2020-04-01,2020-04-01,2020-01-01,2020-03-31,105.40370370370368,25.679527879527875,16.7981277981278,21.646776556776555,429.8481481481482,91,True,True,92.5,120.583333325
National Total,Yala,Low Country Vegetable,Bitter Gourd,2021,1655.1,22396.5,13.531810766721044,True,4,2021-04-01,2021-04-01,2021-01-01,2021-03-31,465.2629629629629,24.74477366255144,14.810617283950616,18.874930041152265,351.975925925926,90,True,True,138.07272728,112.33333333333331
National Total,Maha,Low Country Vegetable,Bitter Gourd,2021,2159.7,25156.8,11.648284483956106,False,9,2021-09-01,2021-09-01,2021-06-01,2021-08-31,439.22592592592594,26.359460547504025,20.130676328502418,19.065225442834134,397.3851851851852,92,True,True,108.938811175,203.5
National Total,Yala,Low Country Vegetable,Bitter Gourd,2022,1562.8,17357.0,11.106347581264398,False,4,2022-04-01,2022-04-01,2022-01-01,2022-03-31,218.6888888888889,24.939917695473245,15.03860082304527,20.776477366255143,389.06666666666666,90,True,True,214.5,369.6
National Total,Maha,Low Country Vegetable,Bitter Gourd,2022,1899.8,20788.2,10.942309716812296,False,9,2022-09-01,2022-09-01,2022-06-01,2022-08-31,441.5444444444444,26.04786634460548,19.90024154589372,19.10479871175524,393.2974074074073,92,True,True,280.51428572,349.8
National Total,Yala,Low Country Vegetable,Bitter Gourd,2023,1478.1,15349.1,10.38434476693052,False,4,2023-04-01,2023-04-01,2023-01-01,2023-03-31,322.77777777777777,24.415390946502058,15.564444444444444,20.30167489711934,375.3025925925926,90,True,True,267.5,359.6
National Total,Maha,Low Country Vegetable,Bitter Gourd,2023,1947.8,19932.1,10.233134818769894,False,9,2023-09-01,2023-09-01,2023-06-01,2023-08-31,310.97777777777776,27.081119162640903,20.28341384863124,20.70217391304348,445.98481481481485,92,True,True,186.25,332.0
National Total,Yala,Low Country Vegetable,Snake Gourd,2012,1431.0,16032.0,11.20335429769392,False,4,2012-04-01,2012-04-01,2012-01-01,2012-03-31,192.81481481481484,24.95641025641025,12.757427757427756,20.49129019129019,391.8188888888889,91,True,True,24.83333333333333,56.7375
National Total,Maha,Low Country Vegetable,Snake Gourd,2012,1952.0,22298.0,11.42315573770492,False,9,2012-09-01,2012-09-01,2012-06-01,2012-08-31,271.4518518518518,26.73909017713365,21.219847020933976,19.93822463768116,436.74740740740737,92,True,True,37.75,59.888
National Total,Yala,Low Country Vegetable,Snake Gourd,2013,1673.0,16453.0,9.834429169157202,False,4,2013-04-01,2013-04-01,2013-01-01,2013-03-31,479.52592592592606,24.79600823045267,13.010246913580248,18.615028806584363,349.47962962962964,90,True,True,41.25,49.9025
National Total,Maha,Low Country Vegetable,Snake Gourd,2013,1960.0,23612.0,12.046938775510204,False,9,2013-09-01,2013-09-01,2013-06-01,2013-08-31,378.27777777777777,26.0592190016103,20.98921095008052,19.044879227053144,398.4211111111111,92,True,True,45.75,33.84
National Total,Yala,Low Country Vegetable,Snake Gourd,2014,1282.0,13459.0,10.498439937597505,False,4,2014-04-01,2014-04-01,2014-01-01,2014-03-31,184.15185185185183,25.0727572016461,14.82559670781893,20.222942386831274,394.5177777777778,90,True,True,32.568,86.045
National Total,Maha,Low Country Vegetable,Snake Gourd,2014,1877.0,21006.0,11.191262653169952,False,9,2014-09-01,2014-09-01,2014-06-01,2014-08-31,278.4000000000001,26.76694847020934,21.32246376811594,19.86382045088567,429.4092592592592,92,True,True,32.75,75.25
National Total,Yala,Low Country Vegetable,Snake Gourd,2015,1188.0,14564.0,12.25925925925926,False,4,2015-04-01,2015-04-01,2015-01-01,2015-03-31,210.2703703703704,24.861152263374485,12.927777777777775,20.35349794238683,382.60925925925926,90,True,True,36.058,66.36500000000001
National Total,Maha,Low Country Vegetable,Snake Gourd,2015,1530.0,29491.0,19.27516339869281,True,9,2015-09-01,2015-09-01,2015-06-01,2015-08-31,302.1962962962963,26.68128019323672,20.14830917874396,20.037846215780995,419.2903703703704,92,True,True,43.99,65.705
National Total,Yala,Low Country Vegetable,Snake Gourd,2016,1201.0,14900.0,12.406328059950042,False,4,2016-04-01,2016-04-01,2016-01-01,2016-03-31,103.57407407407408,26.05075295075295,13.816646316646317,20.77905982905984,412.6448148148148,91,True,True,60.6275,106.002
National Total,Maha,Low Country Vegetable,Snake Gourd,2016,1419.0,17017.0,11.992248062015504,False,9,2016-09-01,2016-09-01,2016-06-01,2016-08-31,265.61481481481485,26.633494363929145,20.95998389694042,19.82029388083736,416.3766666666666,92,True,True,35.096,80.51599999999999
National Total,Yala,Low Country Vegetable,Snake Gourd,2017,1053.0,13361.0,12.688509021842355,False,4,2017-04-01,2017-04-01,2017-01-01,2017-03-31,313.99999999999994,24.675596707818933,15.267901234567905,20.136897119341565,381.8151851851852,90,True,True,94.5833333333333,117.11946386946347
National Total,Maha,Low Country Vegetable,Snake Gourd,2017,1281.0,15488.0,12.09055425448868,False,9,2017-09-01,2017-09-01,2017-06-01,2017-08-31,394.8037037037038,26.89971819645732,20.743679549114336,18.80973027375201,408.6885185185185,92,True,True,87.08333333416665,96.95804196466666
National Total,Yala,Low Country Vegetable,Snake Gourd,2018,1074.0,13681.0,12.738361266294229,False,4,2018-04-01,2018-04-01,2018-01-01,2018-03-31,228.24444444444447,24.822592592592592,15.51699588477366,19.673259259259257,376.64962962962966,90,True,True,53.86217949,121.428571425
National Total,Yala,Low Country Vegetable,Snake Gourd,2019,1104.0,12939.0,11.720108695652174,False,4,2019-04-01,2019-04-01,2019-01-01,2019-03-31,233.3592592592593,25.21213991769548,15.569341563786008,20.74994650205761,397.587037037037,90,True,True,101.25,107.0
National Total,Yala,Low Country Vegetable,Snake Gourd,2020,1210.8,14906.0,12.310868847043276,False,4,2020-04-01,2020-04-01,2020-01-01,2020-03-31,105.40370370370368,25.679527879527875,16.7981277981278,21.646776556776555,429.8481481481482,91,True,True,71.66666667,105.5
National Total,Yala,Low Country Vegetable,Snake Gourd,2021,1512.6,14226.8,9.405526907311913,False,4,2021-04-01,2021-04-01,2021-01-01,2021-03-31,465.2629629629629,24.74477366255144,14.810617283950616,18.874930041152265,351.975925925926,90,True,True,77.01818182,97.0
National Total,Maha,Low Country Vegetable,Snake Gourd,2021,1582.6,20582.4,13.005434095791736,False,9,2021-09-01,2021-09-01,2021-06-01,2021-08-31,439.22592592592594,26.359460547504025,20.130676328502418,19.065225442834134,397.3851851851852,92,True,True,131.541666675,134.25
National Total,Yala,Low Country Vegetable,Snake Gourd,2022,1115.0,13524.9,12.129955156950672,False,4,2022-04-01,2022-04-01,2022-01-01,2022-03-31,218.6888888888889,24.939917695473245,15.03860082304527,20.776477366255143,389.06666666666666,90,True,True,129.25,261.8
National Total,Maha,Low Country Vegetable,Snake Gourd,2022,1484.9,17670.9,11.900397333153748,False,9,2022-09-01,2022-09-01,2022-06-01,2022-08-31,441.5444444444444,26.04786634460548,19.90024154589372,19.10479871175524,393.2974074074073,92,True,True,266.44444444,252.8
National Total,Yala,Low Country Vegetable,Snake Gourd,2023,1085.5,12391.6,11.41556886227545,False,4,2023-04-01,2023-04-01,2023-01-01,2023-03-31,322.77777777777777,24.415390946502058,15.564444444444444,20.30167489711934,375.3025925925926,90,True,True,135.25,257.96363636
National Total,Maha,Low Country Vegetable,Snake Gourd,2023,1352.8,14786.6,10.930366646954466,False,9,2023-09-01,2023-09-01,2023-06-01,2023-08-31,310.97777777777776,27.081119162640903,20.28341384863124,20.70217391304348,445.98481481481485,92,True,True,132.75,215.6
National Total,Yala,Up Country Vegetable,Tomatoes,2012,3304.0,34911.0,10.56628329297821,False,4,2012-04-01,2012-04-01,2012-01-01,2012-03-31,192.81481481481484,24.95641025641025,12.757427757427756,20.49129019129019,391.8188888888889,91,True,True,15.99,109.4425
National Total,Maha,Up Country Vegetable,Tomatoes,2012,4612.0,47339.0,10.264310494362531,False,9,2012-09-01,2012-09-01,2012-06-01,2012-08-31,271.4518518518518,26.73909017713365,21.219847020933976,19.93822463768116,436.74740740740737,92,True,True,47.6925,27.598000000000003
National Total,Yala,Up Country Vegetable,Tomatoes,2013,3213.0,36365.0,11.318082788671024,False,4,2013-04-01,2013-04-01,2013-01-01,2013-03-31,479.52592592592606,24.79600823045267,13.010246913580248,18.615028806584363,349.47962962962964,90,True,True,56.125,45.0275
National Total,Maha,Up Country Vegetable,Tomatoes,2013,4046.0,49861.0,12.323529411764708,False,9,2013-09-01,2013-09-01,2013-06-01,2013-08-31,378.27777777777777,26.0592190016103,20.98921095008052,19.044879227053144,398.4211111111111,92,True,True,37.375,52.8575
National Total,Yala,Up Country Vegetable,Tomatoes,2014,3130.0,32464.0,10.37188498402556,False,4,2014-04-01,2014-04-01,2014-01-01,2014-03-31,184.15185185185183,25.0727572016461,14.82559670781893,20.222942386831274,394.5177777777778,90,True,True,36.166,111.0425
National Total,Maha,Up Country Vegetable,Tomatoes,2014,4202.0,53708.0,12.781532603522132,False,9,2014-09-01,2014-09-01,2014-06-01,2014-08-31,278.4000000000001,26.76694847020934,21.32246376811594,19.86382045088567,429.4092592592592,92,True,True,33.8875,85.795
National Total,Yala,Up Country Vegetable,Tomatoes,2015,2868.0,30228.0,10.539748953974897,False,4,2015-04-01,2015-04-01,2015-01-01,2015-03-31,210.2703703703704,24.861152263374485,12.927777777777775,20.35349794238683,382.60925925925926,90,True,True,55.776,31.0825
National Total,Maha,Up Country Vegetable,Tomatoes,2015,3701.0,49325.0,13.32747905971359,False,9,2015-09-01,2015-09-01,2015-06-01,2015-08-31,302.1962962962963,26.68128019323672,20.14830917874396,20.037846215780995,419.2903703703704,92,True,True,38.892,74.0525
National Total,Yala,Up Country Vegetable,Tomatoes,2016,2783.0,32286.0,11.60114983830399,False,4,2016-04-01,2016-04-01,2016-01-01,2016-03-31,103.57407407407408,26.05075295075295,13.816646316646317,20.77905982905984,412.6448148148148,91,True,True,33.5525,139.336
National Total,Maha,Up Country Vegetable,Tomatoes,2016,3437.0,60462.0,17.59150421879546,False,9,2016-09-01,2016-09-01,2016-06-01,2016-08-31,265.61481481481485,26.633494363929145,20.95998389694042,19.82029388083736,416.3766666666666,92,True,True,32.374,43.832
National Total,Yala,Up Country Vegetable,Tomatoes,2017,2464.0,43159.0,17.51582792207792,False,4,2017-04-01,2017-04-01,2017-01-01,2017-03-31,313.99999999999994,24.675596707818933,15.267901234567905,20.136897119341565,381.8151851851852,90,True,True,87.18749999999997,75.3690476190476
National Total,Maha,Up Country Vegetable,Tomatoes,2017,2866.0,37680.0,13.147243545010468,False,9,2017-09-01,2017-09-01,2017-06-01,2017-08-31,394.8037037037038,26.89971819645732,20.743679549114336,18.80973027375201,408.6885185185185,92,True,True,106.35416665833333,131.47435894666663
National Total,Yala,Up Country Vegetable,Tomatoes,2018,2753.0,49797.0,18.088267344714858,False,4,2018-04-01,2018-04-01,2018-01-01,2018-03-31,228.24444444444447,24.822592592592592,15.51699588477366,19.673259259259257,376.64962962962966,90,True,True,24.9999999975,201.874999975
National Total,Yala,Up Country Vegetable,Tomatoes,2019,2578.0,39145.0,15.184251357641582,False,4,2019-04-01,2019-04-01,2019-01-01,2019-03-31,233.3592592592593,25.21213991769548,15.569341563786008,20.74994650205761,397.587037037037,90,True,True,87.5,64.75
National Total,Yala,Up Country Vegetable,Tomatoes,2020,3059.0,48284.1,15.784275907159202,False,4,2020-04-01,2020-04-01,2020-01-01,2020-03-31,105.40370370370368,25.679527879527875,16.7981277981278,21.646776556776555,429.8481481481482,91,True,True,75.0,65.3333333325
National Total,Yala,Up Country Vegetable,Tomatoes,2021,3083.8,52365.8,16.980932615604125,False,4,2021-04-01,2021-04-01,2021-01-01,2021-03-31,465.2629629629629,24.74477366255144,14.810617283950616,18.874930041152265,351.975925925926,90,True,True,123.43636363599998,102.33333333333331
National Total,Maha,Up Country Vegetable,Tomatoes,2021,3147.1,37302.9,11.853102856598138,False,9,2021-09-01,2021-09-01,2021-06-01,2021-08-31,439.22592592592594,26.359460547504025,20.130676328502418,19.065225442834134,397.3851851851852,92,True,True,79.0,72.5
National Total,Yala,Up Country Vegetable,Tomatoes,2022,2860.6,47424.9,16.578654827658536,False,4,2022-04-01,2022-04-01,2022-01-01,2022-03-31,218.6888888888889,24.939917695473245,15.03860082304527,20.776477366255143,389.06666666666666,90,True,True,213.79545455,464.6
National Total,Maha,Up Country Vegetable,Tomatoes,2022,3031.9,40656.1,13.409446221841089,False,9,2022-09-01,2022-09-01,2022-06-01,2022-08-31,441.5444444444444,26.04786634460548,19.90024154589372,19.10479871175524,393.2974074074073,92,True,True,265.6,229.0
National Total,Yala,Up Country Vegetable,Tomatoes,2023,2363.2,34169.3,14.458911645226811,False,4,2023-04-01,2023-04-01,2023-01-01,2023-03-31,322.77777777777777,24.415390946502058,15.564444444444444,20.30167489711934,375.3025925925926,90,True,True,176.5,249.8
National Total,Maha,Up Country Vegetable,Tomatoes,2023,3194.4,46244.2,14.476646631605307,False,9,2023-09-01,2023-09-01,2023-06-01,2023-08-31,310.97777777777776,27.081119162640903,20.28341384863124,20.70217391304348,445.98481481481485,92,True,True,129.25,120.60000001
National Total,Yala,Low Country Vegetable,Cucumber,2012,1211.0,12123.0,10.010734929810074,False,4,2012-04-01,2012-04-01,2012-01-01,2012-03-31,192.81481481481484,24.95641025641025,12.757427757427756,20.49129019129019,391.8188888888889,91,True,True,19.13,28.4875
National Total,Maha,Low Country Vegetable,Cucumber,2012,1862.0,20213.0,10.855531686358754,False,9,2012-09-01,2012-09-01,2012-06-01,2012-08-31,271.4518518518518,26.73909017713365,21.219847020933976,19.93822463768116,436.74740740740737,92,True,True,21.2975,35.636
National Total,Yala,Low Country Vegetable,Cucumber,2013,1458.0,16645.0,11.416323731138544,False,4,2013-04-01,2013-04-01,2013-01-01,2013-03-31,479.52592592592606,24.79600823045267,13.010246913580248,18.615028806584363,349.47962962962964,90,True,True,11.0425,18.3325
National Total,Maha,Low Country Vegetable,Cucumber,2013,2107.0,22684.0,10.766018035121023,False,9,2013-09-01,2013-09-01,2013-06-01,2013-08-31,378.27777777777777,26.0592190016103,20.98921095008052,19.044879227053144,398.4211111111111,92,True,True,28.325,16.6425
National Total,Yala,Low Country Vegetable,Cucumber,2014,1418.0,14895.0,10.50423131170663,False,4,2014-04-01,2014-04-01,2014-01-01,2014-03-31,184.15185185185183,25.0727572016461,14.82559670781893,20.222942386831274,394.5177777777778,90,True,True,24.918,52.74
National Total,Maha,Low Country Vegetable,Cucumber,2014,2132.0,23662.0,11.098499061913696,False,9,2014-09-01,2014-09-01,2014-06-01,2014-08-31,278.4000000000001,26.76694847020934,21.32246376811594,19.86382045088567,429.4092592592592,92,True,True,11.925,38.875
National Total,Yala,Low Country Vegetable,Cucumber,2015,1634.0,16713.0,10.228274173806607,False,4,2015-04-01,2015-04-01,2015-01-01,2015-03-31,210.2703703703704,24.861152263374485,12.927777777777775,20.35349794238683,382.60925925925926,90,True,True,16.482,21.7825
National Total,Maha,Low Country Vegetable,Cucumber,2015,2232.0,30866.0,13.828853046594984,False,9,2015-09-01,2015-09-01,2015-06-01,2015-08-31,302.1962962962963,26.68128019323672,20.14830917874396,20.037846215780995,419.2903703703704,92,True,True,22.946,31.4575
National Total,Yala,Low Country Vegetable,Cucumber,2016,1149.0,14795.0,12.876414273281114,False,4,2016-04-01,2016-04-01,2016-01-01,2016-03-31,103.57407407407408,26.05075295075295,13.816646316646317,20.77905982905984,412.6448148148148,91,True,True,61.875,70.5
National Total,Maha,Low Country Vegetable,Cucumber,2016,1838.0,23495.0,12.7829162132753,False,9,2016-09-01,2016-09-01,2016-06-01,2016-08-31,265.61481481481485,26.633494363929145,20.95998389694042,19.82029388083736,416.3766666666666,92,True,True,13.344,44.914
National Total,Yala,Low Country Vegetable,Cucumber,2017,1167.0,14793.0,12.676092544987146,False,4,2017-04-01,2017-04-01,2017-01-01,2017-03-31,313.99999999999994,24.675596707818933,15.267901234567905,20.136897119341565,381.8151851851852,90,True,True,26.1458333333333,60.83333333333328
National Total,Maha,Low Country Vegetable,Cucumber,2017,1280.0,16653.0,13.01015625,False,9,2017-09-01,2017-09-01,2017-06-01,2017-08-31,394.8037037037038,26.89971819645732,20.743679549114336,18.80973027375201,408.6885185185185,92,True,True,27.73674242424241,40.08333333466667
National Total,Yala,Low Country Vegetable,Cucumber,2018,1142.0,19574.0,17.140105078809107,False,4,2018-04-01,2018-04-01,2018-01-01,2018-03-31,228.24444444444447,24.822592592592592,15.51699588477366,19.673259259259257,376.64962962962966,90,True,True,23.3839285725,63.6458333325
National Total,Yala,Low Country Vegetable,Cucumber,2019,1172.0,13978.0,11.926621160409557,False,4,2019-04-01,2019-04-01,2019-01-01,2019-03-31,233.3592592592593,25.21213991769548,15.569341563786008,20.74994650205761,397.587037037037,90,True,True,44.1931818175,47.625
National Total,Yala,Low Country Vegetable,Cucumber,2020,1290.0,19034.3,14.755271317829456,False,4,2020-04-01,2020-04-01,2020-01-01,2020-03-31,105.40370370370368,25.679527879527875,16.7981277981278,21.646776556776555,429.8481481481482,91,True,True,24.0,38.5
National Total,Yala,Low Country Vegetable,Cucumber,2021,1209.6,16421.1,13.575644841269842,False,4,2021-04-01,2021-04-01,2021-01-01,2021-03-31,465.2629629629629,24.74477366255144,14.810617283950616,18.874930041152265,351.975925925926,90,True,True,31.0,38.66666666666666
National Total,Maha,Low Country Vegetable,Cucumber,2021,1372.6,20087.3,14.634489290397786,False,9,2021-09-01,2021-09-01,2021-06-01,2021-08-31,439.22592592592594,26.359460547504025,20.130676328502418,19.065225442834134,397.3851851851852,92,True,True,38.625,59.25
National Total,Yala,Low Country Vegetable,Cucumber,2022,1125.7,15958.6,14.176601225903882,False,4,2022-04-01,2022-04-01,2022-01-01,2022-03-31,218.6888888888889,24.939917695473245,15.03860082304527,20.776477366255143,389.06666666666666,90,True,True,46.875,99.6
National Total,Maha,Low Country Vegetable,Cucumber,2022,1508.3,18015.4,11.944175561890871,False,9,2022-09-01,2022-09-01,2022-06-01,2022-08-31,441.5444444444444,26.04786634460548,19.90024154589372,19.10479871175524,393.2974074074073,92,True,True,90.8,78.4
National Total,Yala,Low Country Vegetable,Cucumber,2023,1456.0,26602.8,18.271153846153847,True,4,2023-04-01,2023-04-01,2023-01-01,2023-03-31,322.77777777777777,24.415390946502058,15.564444444444444,20.30167489711934,375.3025925925926,90,True,True,60.5,89.27272728
National Total,Maha,Low Country Vegetable,Cucumber,2023,1628.9,21012.9,12.90005525201056,False,9,2023-09-01,2023-09-01,2023-06-01,2023-08-31,310.97777777777776,27.081119162640903,20.28341384863124,20.70217391304348,445.98481481481485,92,True,True,72.0,80.8
National Total,Yala,Up Country Vegetable,Cabbage,2012,1917.0,27973.0,14.59207094418362,True,4,2012-04-01,2012-04-01,2012-01-01,2012-03-31,192.81481481481484,24.95641025641025,12.757427757427756,20.49129019129019,391.8188888888889,91,True,True,14.966666666666669,23.9125
National Total,Maha,Up Country Vegetable,Cabbage,2012,2170.0,45402.0,20.92258064516129,False,9,2012-09-01,2012-09-01,2012-06-01,2012-08-31,271.4518518518518,26.73909017713365,21.219847020933976,19.93822463768116,436.74740740740737,92,True,True,51.0225,53.484
National Total,Yala,Up Country Vegetable,Cabbage,2013,2102.0,50146.0,23.85632730732636,False,4,2013-04-01,2013-04-01,2013-01-01,2013-03-31,479.52592592592606,24.79600823045267,13.010246913580248,18.615028806584363,349.47962962962964,90,True,True,47.445,58.0
National Total,Maha,Up Country Vegetable,Cabbage,2013,2084.0,54360.0,26.084452975047984,False,9,2013-09-01,2013-09-01,2013-06-01,2013-08-31,378.27777777777777,26.0592190016103,20.98921095008052,19.044879227053144,398.4211111111111,92,True,True,51.875,17.802500000000002
National Total,Yala,Up Country Vegetable,Cabbage,2014,2107.0,46941.0,22.27859515899383,False,4,2014-04-01,2014-04-01,2014-01-01,2014-03-31,184.15185185185183,25.0727572016461,14.82559670781893,20.222942386831274,394.5177777777778,90,True,True,17.828,40.215
National Total,Maha,Up Country Vegetable,Cabbage,2014,2247.0,57574.0,25.622607921673342,False,9,2014-09-01,2014-09-01,2014-06-01,2014-08-31,278.4000000000001,26.76694847020934,21.32246376811594,19.86382045088567,429.4092592592592,92,True,True,59.25,32.125
National Total,Maha,Up Country Vegetable,Cabbage,2015,2522.0,74180.0,29.413164155432195,False,9,2015-09-01,2015-09-01,2015-06-01,2015-08-31,302.1962962962963,26.68128019323672,20.14830917874396,20.037846215780995,419.2903703703704,92,True,True,41.372,52.5275
National Total,Yala,Up Country Vegetable,Cabbage,2016,1883.0,57839.0,30.716409984067976,False,4,2016-04-01,2016-04-01,2016-01-01,2016-03-31,103.57407407407408,26.05075295075295,13.816646316646317,20.77905982905984,412.6448148148148,91,True,True,49.015,66.9
National Total,Maha,Up Country Vegetable,Cabbage,2016,2559.0,65526.0,25.60609613130129,False,9,2016-09-01,2016-09-01,2016-06-01,2016-08-31,265.61481481481485,26.633494363929145,20.95998389694042,19.82029388083736,416.3766666666666,92,True,True,58.936,35.852
National Total,Yala,Up Country Vegetable,Cabbage,2017,1853.0,47594.0,25.68483540205073,False,4,2017-04-01,2017-04-01,2017-01-01,2017-03-31,313.99999999999994,24.675596707818933,15.267901234567905,20.136897119341565,381.8151851851852,90,True,True,22.19999999999995,116.89999999999948
National Total,Maha,Up Country Vegetable,Cabbage,2017,2371.0,51872.0,21.87768873892872,False,9,2017-09-01,2017-09-01,2017-06-01,2017-08-31,394.8037037037038,26.89971819645732,20.743679549114336,18.80973027375201,408.6885185185185,92,True,True,42.96794871711538,85.89560439514285
National Total,Yala,Up Country Vegetable,Cabbage,2018,1780.0,46580.0,26.168539325842698,False,4,2018-04-01,2018-04-01,2018-01-01,2018-03-31,228.24444444444447,24.822592592592592,15.51699588477366,19.673259259259257,376.64962962962966,90,True,True,99.1185897325,103.3035714075
National Total,Yala,Up Country Vegetable,Cabbage,2019,1769.0,49221.0,27.824194460146977,False,4,2019-04-01,2019-04-01,2019-01-01,2019-03-31,233.3592592592593,25.21213991769548,15.569341563786008,20.74994650205761,397.587037037037,90,True,True,51.1742424225,103.7689394
National Total,Yala,Up Country Vegetable,Cabbage,2020,2274.4,63456.7,27.90041329581428,False,4,2020-04-01,2020-04-01,2020-01-01,2020-03-31,105.40370370370368,25.679527879527875,16.7981277981278,21.646776556776555,429.8481481481482,91,True,True,77.5,39.75
National Total,Yala,Up Country Vegetable,Cabbage,2021,2448.7,65393.6,26.705435537223835,False,4,2021-04-01,2021-04-01,2021-01-01,2021-03-31,465.2629629629629,24.74477366255144,14.810617283950616,18.874930041152265,351.975925925926,90,True,True,101.181818182,93.03496504
National Total,Maha,Up Country Vegetable,Cabbage,2021,2376.2,63713.1,26.81302078949584,False,9,2021-09-01,2021-09-01,2021-06-01,2021-08-31,439.22592592592594,26.359460547504025,20.130676328502418,19.065225442834134,397.3851851851852,92,True,True,127.5,92.75
National Total,Yala,Up Country Vegetable,Cabbage,2022,2475.5,67069.1,27.09315289840437,False,4,2022-04-01,2022-04-01,2022-01-01,2022-03-31,218.6888888888889,24.939917695473245,15.03860082304527,20.776477366255143,389.06666666666666,90,True,True,67.0,137.2
National Total,Maha,Up Country Vegetable,Cabbage,2022,2071.0,49593.1,23.94645098985997,False,9,2022-09-01,2022-09-01,2022-06-01,2022-08-31,441.5444444444444,26.04786634460548,19.90024154589372,19.10479871175524,393.2974074074073,92,True,True,284.6,210.0
National Total,Yala,Up Country Vegetable,Cabbage,2023,2188.0,47773.2,21.834186471663617,False,4,2023-04-01,2023-04-01,2023-01-01,2023-03-31,322.77777777777777,24.415390946502058,15.564444444444444,20.30167489711934,375.3025925925926,90,True,True,54.0,200.2
National Total,Maha,Up Country Vegetable,Cabbage,2023,2154.0,52310.4,24.28523676880223,False,9,2023-09-01,2023-09-01,2023-06-01,2023-08-31,310.97777777777776,27.081119162640903,20.28341384863124,20.70217391304348,445.98481481481485,92,True,True,133.0,93.58181819
National Total,Yala,Up Country Vegetable,Carrot,2012,1342.0,16518.0,12.30849478390462,True,4,2012-04-01,2012-04-01,2012-01-01,2012-03-31,192.81481481481484,24.95641025641025,12.757427757427756,20.49129019129019,391.8188888888889,91,True,True,37.47,54.68
National Total,Maha,Up Country Vegetable,Carrot,2012,1510.0,17807.0,11.79271523178808,True,9,2012-09-01,2012-09-01,2012-06-01,2012-08-31,271.4518518518518,26.73909017713365,21.219847020933976,19.93822463768116,436.74740740740737,92,True,True,89.78,91.172
National Total,Yala,Up Country Vegetable,Carrot,2013,1446.0,27617.0,19.09889349930844,False,4,2013-04-01,2013-04-01,2013-01-01,2013-03-31,479.52592592592606,24.79600823045267,13.010246913580248,18.615028806584363,349.47962962962964,90,True,True,72.375,107.5275
National Total,Maha,Up Country Vegetable,Carrot,2013,1436.0,28586.0,19.9066852367688,False,9,2013-09-01,2013-09-01,2013-06-01,2013-08-31,378.27777777777777,26.0592190016103,20.98921095008052,19.044879227053144,398.4211111111111,92,True,True,74.5,44.5725
National Total,Yala,Up Country Vegetable,Carrot,2014,1380.0,27092.0,19.63188405797101,False,4,2014-04-01,2014-04-01,2014-01-01,2014-03-31,184.15185185185183,25.0727572016461,14.82559670781893,20.222942386831274,394.5177777777778,90,True,True,50.538,102.485
National Total,Maha,Up Country Vegetable,Carrot,2014,1416.0,27321.0,19.29449152542373,False,9,2014-09-01,2014-09-01,2014-06-01,2014-08-31,278.4000000000001,26.76694847020934,21.32246376811594,19.86382045088567,429.4092592592592,92,True,True,49.0825,89.61
National Total,Yala,Up Country Vegetable,Carrot,2015,1416.0,24591.0,17.366525423728813,False,4,2015-04-01,2015-04-01,2015-01-01,2015-03-31,210.2703703703704,24.861152263374485,12.927777777777775,20.35349794238683,382.60925925925926,90,True,True,86.77799999999999,131.4975
National Total,Maha,Up Country Vegetable,Carrot,2015,2055.0,43082.0,20.964476885644768,False,9,2015-09-01,2015-09-01,2015-06-01,2015-08-31,302.1962962962963,26.68128019323672,20.14830917874396,20.037846215780995,419.2903703703704,92,True,True,80.716,80.56
National Total,Yala,Up Country Vegetable,Carrot,2016,1529.0,35682.0,23.336821451929367,False,4,2016-04-01,2016-04-01,2016-01-01,2016-03-31,103.57407407407408,26.05075295075295,13.816646316646317,20.77905982905984,412.6448148148148,91,True,True,81.815,96.0
National Total,Maha,Up Country Vegetable,Carrot,2016,2278.0,46355.0,20.348990342405617,False,9,2016-09-01,2016-09-01,2016-06-01,2016-08-31,265.61481481481485,26.633494363929145,20.95998389694042,19.82029388083736,416.3766666666666,92,True,True,62.4,63.666
National Total,Yala,Up Country Vegetable,Carrot,2017,1562.0,29133.0,18.651088348271447,False,4,2017-04-01,2017-04-01,2017-01-01,2017-03-31,313.99999999999994,24.675596707818933,15.267901234567905,20.136897119341565,381.8151851851852,90,True,True,51.62660256410253,210.282051282051
National Total,Maha,Up Country Vegetable,Carrot,2017,2124.0,42474.0,19.997175141242938,False,9,2017-09-01,2017-09-01,2017-06-01,2017-08-31,394.8037037037038,26.89971819645732,20.743679549114336,18.80973027375201,408.6885185185185,92,True,True,88.33333334166664,100.833333346
National Total,Yala,Up Country Vegetable,Carrot,2018,1523.0,31721.0,20.827971109652,False,4,2018-04-01,2018-04-01,2018-01-01,2018-03-31,228.24444444444447,24.822592592592592,15.51699588477366,19.673259259259257,376.64962962962966,90,True,True,222.537878775,218.124999975
National Total,Yala,Up Country Vegetable,Carrot,2019,1467.0,33637.0,22.92910702113156,False,4,2019-04-01,2019-04-01,2019-01-01,2019-03-31,233.3592592592593,25.21213991769548,15.569341563786008,20.74994650205761,397.587037037037,90,True,True,61.0,190.0
National Total,Yala,Up Country Vegetable,Carrot,2020,1724.3,39800.8,23.08229426433916,False,4,2020-04-01,2020-04-01,2020-01-01,2020-03-31,105.40370370370368,25.679527879527875,16.7981277981278,21.646776556776555,429.8481481481482,91,True,True,137.0,72.0
National Total,Yala,Up Country Vegetable,Carrot,2021,2135.5,45508.9,21.31065324280028,False,4,2021-04-01,2021-04-01,2021-01-01,2021-03-31,465.2629629629629,24.74477366255144,14.810617283950616,18.874930041152265,351.975925925926,90,True,True,139.8,121.22222223333334
National Total,Maha,Up Country Vegetable,Carrot,2021,2079.1,49907.5,24.0043768938483,False,9,2021-09-01,2021-09-01,2021-06-01,2021-08-31,439.22592592592594,26.359460547504025,20.130676328502418,19.065225442834134,397.3851851851852,92,True,True,106.865384625,105.0
National Total,Yala,Up Country Vegetable,Carrot,2022,1992.7,40806.2,20.477844131078434,False,4,2022-04-01,2022-04-01,2022-01-01,2022-03-31,218.6888888888889,24.939917695473245,15.03860082304527,20.776477366255143,389.06666666666666,90,True,True,216.25,226.8
National Total,Maha,Up Country Vegetable,Carrot,2022,1793.0,36372.4,20.28577802565533,False,9,2022-09-01,2022-09-01,2022-06-01,2022-08-31,441.5444444444444,26.04786634460548,19.90024154589372,19.10479871175524,393.2974074074073,92,True,True,240.9,280.8
National Total,Yala,Up Country Vegetable,Carrot,2023,1564.1,25267.4,16.15459369605524,False,4,2023-04-01,2023-04-01,2023-01-01,2023-03-31,322.77777777777777,24.415390946502058,15.564444444444444,20.30167489711934,375.3025925925926,90,True,True,95.4090909,204.0
National Total,Maha,Up Country Vegetable,Carrot,2023,1946.2,40084.5,20.596290206556365,False,9,2023-09-01,2023-09-01,2023-06-01,2023-08-31,310.97777777777776,27.081119162640903,20.28341384863124,20.70217391304348,445.98481481481485,92,True,True,332.0,163.0
National Total,Yala,Up Country Vegetable,Beetroot,2012,1200.0,15191.0,12.659166666666666,False,4,2012-04-01,2012-04-01,2012-01-01,2012-03-31,192.81481481481484,24.95641025641025,12.757427757427756,20.49129019129019,391.8188888888889,91,True,True,37.766666666666666,95.3125
National Total,Maha,Up Country Vegetable,Beetroot,2012,1439.0,20314.0,14.116747741487144,False,9,2012-09-01,2012-09-01,2012-06-01,2012-08-31,271.4518518518518,26.73909017713365,21.219847020933976,19.93822463768116,436.74740740740737,92,True,True,63.9275,58.888
National Total,Yala,Up Country Vegetable,Beetroot,2013,1310.0,20633.0,15.750381679389314,False,4,2013-04-01,2013-04-01,2013-01-01,2013-03-31,479.52592592592606,24.79600823045267,13.010246913580248,18.615028806584363,349.47962962962964,90,True,True,72.2575,84.0525
National Total,Maha,Up Country Vegetable,Beetroot,2013,1305.0,26258.0,20.121072796934865,False,9,2013-09-01,2013-09-01,2013-06-01,2013-08-31,378.27777777777777,26.0592190016103,20.98921095008052,19.044879227053144,398.4211111111111,92,True,True,28.3275,26.76
National Total,Yala,Up Country Vegetable,Beetroot,2014,1428.0,24212.0,16.955182072829132,False,4,2014-04-01,2014-04-01,2014-01-01,2014-03-31,184.15185185185183,25.0727572016461,14.82559670781893,20.222942386831274,394.5177777777778,90,True,True,30.432,55.3525
National Total,Maha,Up Country Vegetable,Beetroot,2014,1269.0,26676.0,21.02127659574468,False,9,2014-09-01,2014-09-01,2014-06-01,2014-08-31,278.4000000000001,26.76694847020934,21.32246376811594,19.86382045088567,429.4092592592592,92,True,True,48.1975,60.7725
National Total,Yala,Up Country Vegetable,Beetroot,2015,1336.0,23328.0,17.461077844311376,False,4,2015-04-01,2015-04-01,2015-01-01,2015-03-31,210.2703703703704,24.861152263374485,12.927777777777775,20.35349794238683,382.60925925925926,90,True,True,48.432,86.02
National Total,Maha,Up Country Vegetable,Beetroot,2015,1248.0,26844.0,21.509615384615383,False,9,2015-09-01,2015-09-01,2015-06-01,2015-08-31,302.1962962962963,26.68128019323672,20.14830917874396,20.037846215780995,419.2903703703704,92,True,True,42.334,48.8125
National Total,Yala,Up Country Vegetable,Beetroot,2016,1061.0,20203.0,19.04147031102733,False,4,2016-04-01,2016-04-01,2016-01-01,2016-03-31,103.57407407407408,26.05075295075295,13.816646316646317,20.77905982905984,412.6448148148148,91,True,True,64.42750000000001,105.518
National Total,Maha,Up Country Vegetable,Beetroot,2016,1145.0,24897.0,21.74410480349345,False,9,2016-09-01,2016-09-01,2016-06-01,2016-08-31,265.61481481481485,26.633494363929145,20.95998389694042,19.82029388083736,416.3766666666666,92,True,True,50.05,50.066
National Total,Yala,Up Country Vegetable,Beetroot,2017,1026.0,20012.0,19.50487329434698,False,4,2017-04-01,2017-04-01,2017-01-01,2017-03-31,313.99999999999994,24.675596707818933,15.267901234567905,20.136897119341565,381.8151851851852,90,True,True,50.66666666666663,117.5203463203458
National Total,Maha,Up Country Vegetable,Beetroot,2017,1137.0,14180.0,12.47141600703606,False,9,2017-09-01,2017-09-01,2017-06-01,2017-08-31,394.8037037037038,26.89971819645732,20.743679549114336,18.80973027375201,408.6885185185185,92,True,True,39.63095238011901,70.42857142876923
National Total,Yala,Up Country Vegetable,Beetroot,2018,956.0,19824.0,20.736401673640167,False,4,2018-04-01,2018-04-01,2018-01-01,2018-03-31,228.24444444444447,24.822592592592592,15.51699588477366,19.673259259259257,376.64962962962966,90,True,True,65.34523809250001,128.625
National Total,Yala,Up Country Vegetable,Beetroot,2019,1017.0,15291.0,15.035398230088497,False,4,2019-04-01,2019-04-01,2019-01-01,2019-03-31,233.3592592592593,25.21213991769548,15.569341563786008,20.74994650205761,397.587037037037,90,True,True,71.99404762,144.246794875
National Total,Yala,Up Country Vegetable,Beetroot,2020,1052.5,19193.8,18.236389548693587,False,4,2020-04-01,2020-04-01,2020-01-01,2020-03-31,105.40370370370368,25.679527879527875,16.7981277981278,21.646776556776555,429.8481481481482,91,True,True,68.63636364,42.4583333325
National Total,Yala,Up Country Vegetable,Beetroot,2021,1508.6,24364.8,16.15060320827257,False,4,2021-04-01,2021-04-01,2021-01-01,2021-03-31,465.2629629629629,24.74477366255144,14.810617283950616,18.874930041152265,351.975925925926,90,True,True,92.31969697,59.53846153666667
National Total,Maha,Up Country Vegetable,Beetroot,2021,1130.0,16626.6,14.713805309734513,False,9,2021-09-01,2021-09-01,2021-06-01,2021-08-31,439.22592592592594,26.359460547504025,20.130676328502418,19.065225442834134,397.3851851851852,92,True,True,88.1190476175,45.8214285725
National Total,Yala,Up Country Vegetable,Beetroot,2022,1020.6,15579.7,15.265236135606507,False,4,2022-04-01,2022-04-01,2022-01-01,2022-03-31,218.6888888888889,24.939917695473245,15.03860082304527,20.776477366255143,389.06666666666666,90,True,True,127.613636375,263.98268398
National Total,Maha,Up Country Vegetable,Beetroot,2022,1069.3,18609.0,17.40297390816422,False,9,2022-09-01,2022-09-01,2022-06-01,2022-08-31,441.5444444444444,26.04786634460548,19.90024154589372,19.10479871175524,393.2974074074073,92,True,True,127.93939392,239.46666666
National Total,Yala,Up Country Vegetable,Beetroot,2023,1100.6,21444.1,19.484008722515,False,4,2023-04-01,2023-04-01,2023-01-01,2023-03-31,322.77777777777777,24.415390946502058,15.564444444444444,20.30167489711934,375.3025925925926,90,True,True,145.2651515,260.98484848
National Total,Maha,Up Country Vegetable,Beetroot,2023,1062.5,17178.2,16.167717647058826,False,9,2023-09-01,2023-09-01,2023-06-01,2023-08-31,310.97777777777776,27.081119162640903,20.28341384863124,20.70217391304348,445.98481481481485,92,True,True,129.410714275,116.00000002000002
National Total,Yala,Up Country Vegetable,Raddish,2012,1453.0,19563.0,13.463867859600828,False,4,2012-04-01,2012-04-01,2012-01-01,2012-03-31,192.81481481481484,24.95641025641025,12.757427757427756,20.49129019129019,391.8188888888889,91,True,True,14.78,41.285
National Total,Maha,Up Country Vegetable,Raddish,2012,1902.0,24948.0,13.116719242902208,False,9,2012-09-01,2012-09-01,2012-06-01,2012-08-31,271.4518518518518,26.73909017713365,21.219847020933976,19.93822463768116,436.74740740740737,92,True,True,16.6925,42.022000000000006
National Total,Yala,Up Country Vegetable,Raddish,2013,1469.0,25128.0,17.105513955071476,False,4,2013-04-01,2013-04-01,2013-01-01,2013-03-31,479.52592592592606,24.79600823045267,13.010246913580248,18.615028806584363,349.47962962962964,90,True,True,27.315,41.2075
National Total,Maha,Up Country Vegetable,Raddish,2013,1917.0,32848.0,17.13510693792384,False,9,2013-09-01,2013-09-01,2013-06-01,2013-08-31,378.27777777777777,26.0592190016103,20.98921095008052,19.044879227053144,398.4211111111111,92,True,True,20.25,23.325
National Total,Yala,Up Country Vegetable,Raddish,2014,1583.0,25076.0,15.840808591282377,False,4,2014-04-01,2014-04-01,2014-01-01,2014-03-31,184.15185185185183,25.0727572016461,14.82559670781893,20.222942386831274,394.5177777777778,90,True,True,22.118,44.39
National Total,Maha,Up Country Vegetable,Raddish,2014,1926.0,34642.0,17.9865005192108,False,9,2014-09-01,2014-09-01,2014-06-01,2014-08-31,278.4000000000001,26.76694847020934,21.32246376811594,19.86382045088567,429.4092592592592,92,True,True,16.1825,36.0925
National Total,Yala,Up Country Vegetable,Raddish,2015,1552.0,24431.0,15.741623711340209,False,4,2015-04-01,2015-04-01,2015-01-01,2015-03-31,210.2703703703704,24.861152263374485,12.927777777777775,20.35349794238683,382.60925925925926,90,True,True,23.988,50.7275
National Total,Maha,Up Country Vegetable,Raddish,2015,2012.0,29833.0,14.827534791252486,False,9,2015-09-01,2015-09-01,2015-06-01,2015-08-31,302.1962962962963,26.68128019323672,20.14830917874396,20.037846215780995,419.2903703703704,92,True,True,22.378,43.065
National Total,Yala,Up Country Vegetable,Raddish,2016,1376.0,29535.0,21.46438953488372,False,4,2016-04-01,2016-04-01,2016-01-01,2016-03-31,103.57407407407408,26.05075295075295,13.816646316646317,20.77905982905984,412.6448148148148,91,True,True,37.8125,58.5
National Total,Maha,Up Country Vegetable,Raddish,2016,1573.0,27237.0,17.31532104259377,False,9,2016-09-01,2016-09-01,2016-06-01,2016-08-31,265.61481481481485,26.633494363929145,20.95998389694042,19.82029388083736,416.3766666666666,92,True,True,20.978,38.75
National Total,Yala,Up Country Vegetable,Raddish,2017,1347.0,27279.0,20.25167037861916,False,4,2017-04-01,2017-04-01,2017-01-01,2017-03-31,313.99999999999994,24.675596707818933,15.267901234567905,20.136897119341565,381.8151851851852,90,True,True,40.62499999999997,68.91666666666664
National Total,Maha,Up Country Vegetable,Raddish,2017,1502.0,22227.0,14.7982689747004,False,9,2017-09-01,2017-09-01,2017-06-01,2017-08-31,394.8037037037038,26.89971819645732,20.743679549114336,18.80973027375201,408.6885185185185,92,True,True,27.08333333416664,55.08333333066666
National Total,Yala,Up Country Vegetable,Raddish,2018,1384.0,31840.0,23.00578034682081,False,4,2018-04-01,2018-04-01,2018-01-01,2018-03-31,228.24444444444447,24.822592592592592,15.51699588477366,19.673259259259257,376.64962962962966,90,True,True,26.1458333325,89.3750000075
National Total,Yala,Up Country Vegetable,Raddish,2019,1183.0,21100.0,17.836010143702453,False,4,2019-04-01,2019-04-01,2019-01-01,2019-03-31,233.3592592592593,25.21213991769548,15.569341563786008,20.74994650205761,397.587037037037,90,True,True,49.75,81.25
National Total,Yala,Up Country Vegetable,Raddish,2020,1331.9,25719.7,19.31053382386065,False,4,2020-04-01,2020-04-01,2020-01-01,2020-03-31,105.40370370370368,25.679527879527875,16.7981277981278,21.646776556776555,429.8481481481482,91,True,True,36.0,44.0
National Total,Yala,Up Country Vegetable,Raddish,2021,1563.5,29557.7,18.90482890949792,False,4,2021-04-01,2021-04-01,2021-01-01,2021-03-31,465.2629629629629,24.74477366255144,14.810617283950616,18.874930041152265,351.975925925926,90,True,True,51.0,50.333333333333336
National Total,Maha,Up Country Vegetable,Raddish,2021,1463.8,29312.6,20.02500341576718,False,9,2021-09-01,2021-09-01,2021-06-01,2021-08-31,439.22592592592594,26.359460547504025,20.130676328502418,19.065225442834134,397.3851851851852,92,True,True,63.2916666675,73.25
National Total,Yala,Up Country Vegetable,Raddish,2022,1975.5,38505.7,19.49162237408251,False,4,2022-04-01,2022-04-01,2022-01-01,2022-03-31,218.6888888888889,24.939917695473245,15.03860082304527,20.776477366255143,389.06666666666666,90,True,True,47.75,131.8
National Total,Maha,Up Country Vegetable,Raddish,2022,1511.9,29796.4,19.707917190290363,False,9,2022-09-01,2022-09-01,2022-06-01,2022-08-31,441.5444444444444,26.04786634460548,19.90024154589372,19.10479871175524,393.2974074074073,92,True,True,79.0,117.78181818
National Total,Yala,Up Country Vegetable,Raddish,2023,1662.4,27556.9,16.5765760346487,False,4,2023-04-01,2023-04-01,2023-01-01,2023-03-31,322.77777777777777,24.415390946502058,15.564444444444444,20.30167489711934,375.3025925925926,90,True,True,53.4318181825,139.4
National Total,Maha,Up Country Vegetable,Raddish,2023,1479.1,26954.9,18.2238523426408,False,9,2023-09-01,2023-09-01,2023-06-01,2023-08-31,310.97777777777776,27.081119162640903,20.28341384863124,20.70217391304348,445.98481481481485,92,True,True,48.75,87.4
National Total,Yala,Up Country Vegetable,Leeks,2012,1106.0,18517.0,16.74231464737794,False,4,2012-04-01,2012-04-01,2012-01-01,2012-03-31,192.81481481481484,24.95641025641025,12.757427757427756,20.49129019129019,391.8188888888889,91,True,True,50.94,113.405
National Total,Maha,Up Country Vegetable,Leeks,2012,1056.0,16925.0,16.02746212121212,False,9,2012-09-01,2012-09-01,2012-06-01,2012-08-31,271.4518518518518,26.73909017713365,21.219847020933976,19.93822463768116,436.74740740740737,92,True,True,68.5,53.928
National Total,Yala,Up Country Vegetable,Leeks,2013,415.0,6220.0,14.987951807228916,False,4,2013-04-01,2013-04-01,2013-01-01,2013-03-31,479.52592592592606,24.79600823045267,13.010246913580248,18.615028806584363,349.47962962962964,90,True,True,58.2825,92.7775
National Total,Maha,Up Country Vegetable,Leeks,2013,877.0,18439.0,21.02508551881414,False,9,2013-09-01,2013-09-01,2013-06-01,2013-08-31,378.27777777777777,26.0592190016103,20.98921095008052,19.044879227053144,398.4211111111111,92,True,True,58.75,40.825
National Total,Yala,Up Country Vegetable,Leeks,2014,430.0,18354.0,42.68372093023256,True,4,2014-04-01,2014-04-01,2014-01-01,2014-03-31,184.15185185185183,25.0727572016461,14.82559670781893,20.222942386831274,394.5177777777778,90,True,True,31.564,32.115
National Total,Maha,Up Country Vegetable,Leeks,2014,932.0,19785.0,21.228540772532188,False,9,2014-09-01,2014-09-01,2014-06-01,2014-08-31,278.4000000000001,26.76694847020934,21.32246376811594,19.86382045088567,429.4092592592592,92,True,True,38.75,96.4775
National Total,Yala,Up Country Vegetable,Leeks,2015,722.0,14710.0,20.37396121883657,False,4,2015-04-01,2015-04-01,2015-01-01,2015-03-31,210.2703703703704,24.861152263374485,12.927777777777775,20.35349794238683,382.60925925925926,90,True,True,102.284,136.72500000000002
National Total,Maha,Up Country Vegetable,Leeks,2015,1297.0,26724.0,20.60447185813416,False,9,2015-09-01,2015-09-01,2015-06-01,2015-08-31,302.1962962962963,26.68128019323672,20.14830917874396,20.037846215780995,419.2903703703704,92,True,True,41.59,35.7325
National Total,Yala,Up Country Vegetable,Leeks,2016,973.0,30805.0,31.659815005138743,False,4,2016-04-01,2016-04-01,2016-01-01,2016-03-31,103.57407407407408,26.05075295075295,13.816646316646317,20.77905982905984,412.6448148148148,91,True,True,58.5425,102.5
National Total,Maha,Up Country Vegetable,Leeks,2016,1223.0,30317.0,24.78904333605887,False,9,2016-09-01,2016-09-01,2016-06-01,2016-08-31,265.61481481481485,26.633494363929145,20.95998389694042,19.82029388083736,416.3766666666666,92,True,True,64.466,84.834
National Total,Yala,Up Country Vegetable,Leeks,2017,1088.0,28799.0,26.46966911764705,False,4,2017-04-01,2017-04-01,2017-01-01,2017-03-31,313.99999999999994,24.675596707818933,15.267901234567905,20.136897119341565,381.8151851851852,90,True,True,26.979166666666625,44.74999999999998
National Total,Maha,Up Country Vegetable,Leeks,2017,1128.0,27246.0,24.154255319148938,False,9,2017-09-01,2017-09-01,2017-06-01,2017-08-31,394.8037037037038,26.89971819645732,20.743679549114336,18.80973027375201,408.6885185185185,92,True,True,46.04166666583332,141.66666666666669
National Total,Yala,Up Country Vegetable,Leeks,2018,1010.0,25169.0,24.91980198019802,False,4,2018-04-01,2018-04-01,2018-01-01,2018-03-31,228.24444444444447,24.822592592592592,15.51699588477366,19.673259259259257,376.64962962962966,90,True,True,45.9375,122.083333325
National Total,Yala,Up Country Vegetable,Leeks,2019,981.0,16933.0,17.260958205912335,False,4,2019-04-01,2019-04-01,2019-01-01,2019-03-31,233.3592592592593,25.21213991769548,15.569341563786008,20.74994650205761,397.587037037037,90,True,True,51.5,189.636363625
National Total,Yala,Up Country Vegetable,Leeks,2020,1116.0,19276.2,17.27258064516129,False,4,2020-04-01,2020-04-01,2020-01-01,2020-03-31,105.40370370370368,25.679527879527875,16.7981277981278,21.646776556776555,429.8481481481482,91,True,True,115.0,97.722222225
National Total,Yala,Up Country Vegetable,Leeks,2021,1565.6,27780.4,17.74425140521206,False,4,2021-04-01,2021-04-01,2021-01-01,2021-03-31,465.2629629629629,24.74477366255144,14.810617283950616,18.874930041152265,351.975925925926,90,True,True,76.6,64.51851852
National Total,Maha,Up Country Vegetable,Leeks,2021,1263.9,16952.6,13.41292823799351,False,9,2021-09-01,2021-09-01,2021-06-01,2021-08-31,439.22592592592594,26.359460547504025,20.130676328502418,19.065225442834134,397.3851851851852,92,True,True,194.269230775,161.25
National Total,Yala,Up Country Vegetable,Leeks,2022,1713.9,31408.3,18.32563160044344,False,4,2022-04-01,2022-04-01,2022-01-01,2022-03-31,218.6888888888889,24.939917695473245,15.03860082304527,20.776477366255143,389.06666666666666,90,True,True,78.75,137.6
National Total,Maha,Up Country Vegetable,Leeks,2022,1276.9,20396.6,15.973529642101964,False,9,2022-09-01,2022-09-01,2022-06-01,2022-08-31,441.5444444444444,26.04786634460548,19.90024154589372,19.10479871175524,393.2974074074073,92,True,True,156.2,183.4
National Total,Yala,Up Country Vegetable,Leeks,2023,1160.9,17771.1,15.30803686794728,False,4,2023-04-01,2023-04-01,2023-01-01,2023-03-31,322.77777777777777,24.415390946502058,15.564444444444444,20.30167489711934,375.3025925925926,90,True,True,156.75,230.6
National Total,Maha,Up Country Vegetable,Leeks,2023,1324.8,22964.8,17.334541062801932,False,9,2023-09-01,2023-09-01,2023-06-01,2023-08-31,310.97777777777776,27.081119162640903,20.28341384863124,20.70217391304348,445.98481481481485,92,True,True,104.75,71.6
National Total,Yala,Low Country Vegetable,Ash Plantain,2012,4289.0,50453.0,11.76334809979016,False,4,2012-04-01,2012-04-01,2012-01-01,2012-03-31,192.81481481481484,24.95641025641025,12.757427757427756,20.49129019129019,391.8188888888889,91,True,True,24.166666666666668,17.68
National Total,Maha,Low Country Vegetable,Ash Plantain,2012,5039.0,51372.0,10.194879936495337,False,9,2012-09-01,2012-09-01,2012-06-01,2012-08-31,271.4518518518518,26.73909017713365,21.219847020933976,19.93822463768116,436.74740740740737,92,True,True,25.71,37.70399999999999
National Total,Yala,Low Country Vegetable,Ash Plantain,2013,3947.0,39210.0,9.934127185203952,False,4,2013-04-01,2013-04-01,2013-01-01,2013-03-31,479.52592592592606,24.79600823045267,13.010246913580248,18.615028806584363,349.47962962962964,90,True,True,47.5,31.93
National Total,Maha,Low Country Vegetable,Ash Plantain,2013,4799.0,49465.0,10.30735569910398,False,9,2013-09-01,2013-09-01,2013-06-01,2013-08-31,378.27777777777777,26.0592190016103,20.98921095008052,19.044879227053144,398.4211111111111,92,True,True,35.125,36.6425
National Total,Yala,Low Country Vegetable,Ash Plantain,2014,3412.0,36286.0,10.634818288393904,False,4,2014-04-01,2014-04-01,2014-01-01,2014-03-31,184.15185185185183,25.0727572016461,14.82559670781893,20.222942386831274,394.5177777777778,90,True,True,45.682,46.6875
National Total,Maha,Low Country Vegetable,Ash Plantain,2014,4367.0,48507.0,11.107625372109,False,9,2014-09-01,2014-09-01,2014-06-01,2014-08-31,278.4000000000001,26.76694847020934,21.32246376811594,19.86382045088567,429.4092592592592,92,True,True,48.4125,70.625
National Total,Yala,Low Country Vegetable,Ash Plantain,2015,3238.0,35330.0,10.911056207535516,False,4,2015-04-01,2015-04-01,2015-01-01,2015-03-31,210.2703703703704,24.861152263374485,12.927777777777775,20.35349794238683,382.60925925925926,90,True,True,72.348,46.42
National Total,Maha,Low Country Vegetable,Ash Plantain,2015,4416.0,49755.0,11.266983695652174,False,9,2015-09-01,2015-09-01,2015-06-01,2015-08-31,302.1962962962963,26.68128019323672,20.14830917874396,20.037846215780995,419.2903703703704,92,True,True,53.0,55.11
National Total,Yala,Low Country Vegetable,Ash Plantain,2016,3080.0,36250.0,11.76948051948052,False,4,2016-04-01,2016-04-01,2016-01-01,2016-03-31,103.57407407407408,26.05075295075295,13.816646316646317,20.77905982905984,412.6448148148148,91,True,True,47.295,44.3
National Total,Maha,Low Country Vegetable,Ash Plantain,2016,4123.0,45976.0,11.151103565365023,False,9,2016-09-01,2016-09-01,2016-06-01,2016-08-31,265.61481481481485,26.633494363929145,20.95998389694042,19.82029388083736,416.3766666666666,92,True,True,60.122,56.55
National Total,Yala,Low Country Vegetable,Ash Plantain,2017,3082.0,33577.0,10.894548994159637,False,4,2017-04-01,2017-04-01,2017-01-01,2017-03-31,313.99999999999994,24.675596707818933,15.267901234567905,20.136897119341565,381.8151851851852,90,True,True,61.4583333333333,62.83333333333328
National Total,Maha,Low Country Vegetable,Ash Plantain,2017,3590.0,39125.0,10.8983286908078,False,9,2017-09-01,2017-09-01,2017-06-01,2017-08-31,394.8037037037038,26.89971819645732,20.743679549114336,18.80973027375201,408.6885185185185,92,True,True,67.08333333416665,76.17424242266667
National Total,Yala,Low Country Vegetable,Ash Plantain,2018,2629.0,30832.0,11.727653100038037,False,4,2018-04-01,2018-04-01,2018-01-01,2018-03-31,228.24444444444447,24.822592592592592,15.51699588477366,19.673259259259257,376.64962962962966,90,True,True,65.41666666500001,74.13690476
National Total,Yala,Low Country Vegetable,Ash Plantain,2019,2457.0,26080.0,10.614570614570615,False,4,2019-04-01,2019-04-01,2019-01-01,2019-03-31,233.3592592592593,25.21213991769548,15.569341563786008,20.74994650205761,397.587037037037,90,True,True,77.819444445,76.454545455
National Total,Yala,Low Country Vegetable,Ash Plantain,2020,2360.1,28981.9,12.27994576500996,False,4,2020-04-01,2020-04-01,2020-01-01,2020-03-31,105.40370370370368,25.679527879527875,16.7981277981278,21.646776556776555,429.8481481481482,91,True,True,73.63636364,56.5
National Total,Yala,Low Country Vegetable,Ash Plantain,2021,3420.0,31904.7,9.328859649122808,False,4,2021-04-01,2021-04-01,2021-01-01,2021-03-31,465.2629629629629,24.74477366255144,14.810617283950616,18.874930041152265,351.975925925926,90,True,True,57.9,33.333333333333336
National Total,Maha,Low Country Vegetable,Ash Plantain,2021,2916.2,36740.7,12.598827240929976,False,9,2021-09-01,2021-09-01,2021-06-01,2021-08-31,439.22592592592594,26.359460547504025,20.130676328502418,19.065225442834134,397.3851851851852,92,True,True,45.5833333325,42.125
National Total,Yala,Low Country Vegetable,Ash Plantain,2022,2271.4,24926.0,10.973848727656952,False,4,2022-04-01,2022-04-01,2022-01-01,2022-03-31,218.6888888888889,24.939917695473245,15.03860082304527,20.776477366255143,389.06666666666666,90,True,True,57.0,64.95
National Total,Maha,Low Country Vegetable,Ash Plantain,2022,2925.3,35599.8,12.16962362834581,False,9,2022-09-01,2022-09-01,2022-06-01,2022-08-31,441.5444444444444,26.04786634460548,19.90024154589372,19.10479871175524,393.2974074074073,92,True,True,119.8,165.4
National Total,Yala,Low Country Vegetable,Ash Plantain,2023,2065.5,22833.4,11.054659888646816,False,4,2023-04-01,2023-04-01,2023-01-01,2023-03-31,322.77777777777777,24.415390946502058,15.564444444444444,20.30167489711934,375.3025925925926,90,True,True,200.0,145.0
National Total,Maha,Low Country Vegetable,Ash Plantain,2023,4793.0,35369.1,7.379324014187357,True,9,2023-09-01,2023-09-01,2023-06-01,2023-08-31,310.97777777777776,27.081119162640903,20.28341384863124,20.70217391304348,445.98481481481485,92,True,True,160.25,199.4
National Total,Yala,Up Country Vegetable,Capsicum,2012,1391.0,6939.0,4.988497483824586,True,4,2012-04-01,2012-04-01,2012-01-01,2012-03-31,192.81481481481484,24.95641025641025,12.757427757427756,20.49129019129019,391.8188888888889,91,True,True,66.52,120.64
National Total,Maha,Up Country Vegetable,Capsicum,2012,1789.0,9352.0,5.227501397428731,True,9,2012-09-01,2012-09-01,2012-06-01,2012-08-31,271.4518518518518,26.73909017713365,21.219847020933976,19.93822463768116,436.74740740740737,92,True,True,92.25,91.784
National Total,Yala,Up Country Vegetable,Capsicum,2013,1829.0,11016.0,6.022963367960634,False,4,2013-04-01,2013-04-01,2013-01-01,2013-03-31,479.52592592592606,24.79600823045267,13.010246913580248,18.615028806584363,349.47962962962964,90,True,True,125.0625,123.695
National Total,Maha,Up Country Vegetable,Capsicum,2013,2071.0,15424.0,7.447609850313858,False,9,2013-09-01,2013-09-01,2013-06-01,2013-08-31,378.27777777777777,26.0592190016103,20.98921095008052,19.044879227053144,398.4211111111111,92,True,True,46.27,86.3925
National Total,Yala,Up Country Vegetable,Capsicum,2014,1744.0,11248.0,6.4495412844036695,False,4,2014-04-01,2014-04-01,2014-01-01,2014-03-31,184.15185185185183,25.0727572016461,14.82559670781893,20.222942386831274,394.5177777777778,90,True,True,85.842,116.16
National Total,Maha,Up Country Vegetable,Capsicum,2014,2316.0,17704.0,7.644214162348877,False,9,2014-09-01,2014-09-01,2014-06-01,2014-08-31,278.4000000000001,26.76694847020934,21.32246376811594,19.86382045088567,429.4092592592592,92,True,True,81.0,124.75
National Total,Yala,Up Country Vegetable,Capsicum,2015,1592.0,10685.0,6.711683417085427,False,4,2015-04-01,2015-04-01,2015-01-01,2015-03-31,210.2703703703704,24.861152263374485,12.927777777777775,20.35349794238683,382.60925925925926,90,True,True,140.91199999999998,132.815
National Total,Maha,Up Country Vegetable,Capsicum,2015,2102.0,21676.0,10.31208372978116,True,9,2015-09-01,2015-09-01,2015-06-01,2015-08-31,302.1962962962963,26.68128019323672,20.14830917874396,20.037846215780995,419.2903703703704,92,True,True,83.914,161.45999999999998
National Total,Yala,Up Country Vegetable,Capsicum,2016,1588.0,13441.0,8.464105793450882,False,4,2016-04-01,2016-04-01,2016-01-01,2016-03-31,103.57407407407408,26.05075295075295,13.816646316646317,20.77905982905984,412.6448148148148,91,True,True,128.545,115.502
National Total,Maha,Up Country Vegetable,Capsicum,2016,1880.0,16992.0,9.038297872340426,False,9,2016-09-01,2016-09-01,2016-06-01,2016-08-31,265.61481481481485,26.633494363929145,20.95998389694042,19.82029388083736,416.3766666666666,92,True,True,112.864,105.5
National Total,Yala,Up Country Vegetable,Capsicum,2017,1439.0,11953.0,8.306462821403752,False,4,2017-04-01,2017-04-01,2017-01-01,2017-03-31,313.99999999999994,24.675596707818933,15.267901234567905,20.136897119341565,381.8151851851852,90,True,True,149.10256410256375,181.45454545454496
National Total,Maha,Up Country Vegetable,Capsicum,2017,1767.0,14999.0,8.488398415393322,False,9,2017-09-01,2017-09-01,2017-06-01,2017-08-31,394.8037037037038,26.89971819645732,20.743679549114336,18.80973027375201,408.6885185185185,92,True,True,90.20833332499998,184.6013986066667
National Total,Yala,Up Country Vegetable,Capsicum,2018,1370.0,11450.0,8.357664233576642,False,4,2018-04-01,2018-04-01,2018-01-01,2018-03-31,228.24444444444447,24.822592592592592,15.51699588477366,19.673259259259257,376.64962962962966,90,True,True,78.3333333425,254.375
National Total,Yala,Up Country Vegetable,Capsicum,2019,1244.0,10133.0,8.145498392282958,False,4,2019-04-01,2019-04-01,2019-01-01,2019-03-31,233.3592592592593,25.21213991769548,15.569341563786008,20.74994650205761,397.587037037037,90,True,True,129.75,258.25
National Total,Yala,Up Country Vegetable,Capsicum,2020,1634.5,13306.3,8.140899357601713,False,4,2020-04-01,2020-04-01,2020-01-01,2020-03-31,105.40370370370368,25.679527879527875,16.7981277981278,21.646776556776555,429.8481481481482,91,True,True,130.0,95.5
National Total,Yala,Up Country Vegetable,Capsicum,2021,1359.8,11114.6,8.173702015002206,False,4,2021-04-01,2021-04-01,2021-01-01,2021-03-31,465.2629629629629,24.74477366255144,14.810617283950616,18.874930041152265,351.975925925926,90,True,True,221.6,180.33333333333331
National Total,Maha,Up Country Vegetable,Capsicum,2021,1975.5,16373.1,8.288078967350039,False,9,2021-09-01,2021-09-01,2021-06-01,2021-08-31,439.22592592592594,26.359460547504025,20.130676328502418,19.065225442834134,397.3851851851852,92,True,True,230.291666675,243.5
National Total,Yala,Up Country Vegetable,Capsicum,2022,1337.7,10829.4,8.095537115945278,False,4,2022-04-01,2022-04-01,2022-01-01,2022-03-31,218.6888888888889,24.939917695473245,15.03860082304527,20.776477366255143,389.06666666666666,90,True,True,239.0,450.2
National Total,Maha,Up Country Vegetable,Capsicum,2022,1679.5,15271.0,9.092587079487943,False,9,2022-09-01,2022-09-01,2022-06-01,2022-08-31,441.5444444444444,26.04786634460548,19.90024154589372,19.10479871175524,393.2974074074073,92,True,True,628.8,620.6
National Total,Yala,Up Country Vegetable,Capsicum,2023,1276.7,8662.0,6.784679251194485,False,4,2023-04-01,2023-04-01,2023-01-01,2023-03-31,322.77777777777777,24.415390946502058,15.564444444444444,20.30167489711934,375.3025925925926,90,True,True,322.9090909,351.0
National Total,Maha,Up Country Vegetable,Capsicum,2023,1728.8,14396.5,8.327452568255438,False,9,2023-09-01,2023-09-01,2023-06-01,2023-08-31,310.97777777777776,27.081119162640903,20.28341384863124,20.70217391304348,445.98481481481485,92,True,True,231.0,334.2
National Total,Yala,Low Country Vegetable,Long Bean,2013,2800.0,19109.0,6.824642857142857,True,4,2013-04-01,2013-04-01,2013-01-01,2013-03-31,479.52592592592606,24.79600823045267,13.010246913580248,18.615028806584363,349.47962962962964,90,True,True,41.1875,55.9175
National Total,Maha,Low Country Vegetable,Long Bean,2013,3271.0,26074.0,7.971262610822379,False,9,2013-09-01,2013-09-01,2013-06-01,2013-08-31,378.27777777777777,26.0592190016103,20.98921095008052,19.044879227053144,398.4211111111111,92,True,True,46.125,45.6425
National Total,Yala,Low Country Vegetable,Long Bean,2014,2551.0,18155.0,7.116816934535477,True,4,2014-04-01,2014-04-01,2014-01-01,2014-03-31,184.15185185185183,25.0727572016461,14.82559670781893,20.222942386831274,394.5177777777778,90,True,True,29.682,66.08
National Total,Maha,Low Country Vegetable,Long Bean,2014,4073.0,32977.0,8.09648907439234,False,9,2014-09-01,2014-09-01,2014-06-01,2014-08-31,278.4000000000001,26.76694847020934,21.32246376811594,19.86382045088567,429.4092592592592,92,True,True,44.5875,89.305
National Total,Yala,Low Country Vegetable,Long Bean,2015,2936.0,22449.0,7.646117166212534,False,4,2015-04-01,2015-04-01,2015-01-01,2015-03-31,210.2703703703704,24.861152263374485,12.927777777777775,20.35349794238683,382.60925925925926,90,True,True,53.658,66.4575
National Total,Maha,Low Country Vegetable,Long Bean,2015,4898.0,33938.0,6.928950592078399,True,9,2015-09-01,2015-09-01,2015-06-01,2015-08-31,302.1962962962963,26.68128019323672,20.14830917874396,20.037846215780995,419.2903703703704,92,True,True,49.152,79.33
National Total,Yala,Low Country Vegetable,Long Bean,2016,2802.0,24066.0,8.588865096359743,False,4,2016-04-01,2016-04-01,2016-01-01,2016-03-31,103.57407407407408,26.05075295075295,13.816646316646317,20.77905982905984,412.6448148148148,91,True,True,64.05,103.16599999999998
National Total,Maha,Low Country Vegetable,Long Bean,2016,3938.0,31790.0,8.072625698324023,False,9,2016-09-01,2016-09-01,2016-06-01,2016-08-31,265.61481481481485,26.633494363929145,20.95998389694042,19.82029388083736,416.3766666666666,92,True,True,60.7,77.168
National Total,Yala,Low Country Vegetable,Long Bean,2017,2780.0,24394.0,8.774820143884892,False,4,2017-04-01,2017-04-01,2017-01-01,2017-03-31,313.99999999999994,24.675596707818933,15.267901234567905,20.136897119341565,381.8151851851852,90,True,True,60.625,74.0833333333333
National Total,Maha,Low Country Vegetable,Long Bean,2017,3663.0,31460.0,8.588588588588589,False,9,2017-09-01,2017-09-01,2017-06-01,2017-08-31,394.8037037037038,26.89971819645732,20.743679549114336,18.80973027375201,408.6885185185185,92,True,True,71.25,74.54545454618182
National Total,Yala,Low Country Vegetable,Long Bean,2018,2971.0,25661.0,8.637159205654662,False,4,2018-04-01,2018-04-01,2018-01-01,2018-03-31,228.24444444444447,24.822592592592592,15.51699588477366,19.673259259259257,376.64962962962966,90,True,True,47.708333335,133.7689394
National Total,Yala,Low Country Vegetable,Long Bean,2019,3280.0,28641.0,8.732012195121952,False,4,2019-04-01,2019-04-01,2019-01-01,2019-03-31,233.3592592592593,25.21213991769548,15.569341563786008,20.74994650205761,397.587037037037,90,True,True,96.75,109.5909091
National Total,Yala,Low Country Vegetable,Long Bean,2020,4245.2,36562.2,8.612597757467256,False,4,2020-04-01,2020-04-01,2020-01-01,2020-03-31,105.40370370370368,25.679527879527875,16.7981277981278,21.646776556776555,429.8481481481482,91,True,True,71.0,74.166666665
National Total,Yala,Low Country Vegetable,Long Bean,2021,3370.7,30084.4,8.92526774853888,False,4,2021-04-01,2021-04-01,2021-01-01,2021-03-31,465.2629629629629,24.74477366255144,14.810617283950616,18.874930041152265,351.975925925926,90,True,True,66.2,75.33333333333333
National Total,Maha,Low Country Vegetable,Long Bean,2021,4134.9,35191.5,8.510846695204238,False,9,2021-09-01,2021-09-01,2021-06-01,2021-08-31,439.22592592592594,26.359460547504025,20.130676328502418,19.065225442834134,397.3851851851852,92,True,True,113.833333325,116.0
National Total,Yala,Low Country Vegetable,Long Bean,2022,3613.2,30735.2,8.506365548544228,False,4,2022-04-01,2022-04-01,2022-01-01,2022-03-31,218.6888888888889,24.939917695473245,15.03860082304527,20.776477366255143,389.06666666666666,90,True,True,108.0,205.0
National Total,Maha,Low Country Vegetable,Long Bean,2022,4331.3,35535.9,8.204442084362663,False,9,2022-09-01,2022-09-01,2022-06-01,2022-08-31,441.5444444444444,26.04786634460548,19.90024154589372,19.10479871175524,393.2974074074073,92,True,True,203.0,171.4
National Total,Yala,Low Country Vegetable,Long Bean,2023,3308.3,27455.8,8.299065985551492,False,4,2023-04-01,2023-04-01,2023-01-01,2023-03-31,322.77777777777777,24.415390946502058,15.564444444444444,20.30167489711934,375.3025925925926,90,True,True,117.318181825,203.4
National Total,Maha,Low Country Vegetable,Long Bean,2023,4498.4,35395.3,7.868419882624934,False,9,2023-09-01,2023-09-01,2023-06-01,2023-08-31,310.97777777777776,27.081119162640903,20.28341384863124,20.70217391304348,445.98481481481485,92,True,True,133.25,235.96363636
National Total,Yala,Low Country Vegetable,Drumstics,2018,1145.0,11364.0,9.924890829694323,False,4,2018-04-01,2018-04-01,2018-01-01,2018-03-31,228.24444444444447,24.822592592592592,15.51699588477366,19.673259259259257,376.64962962962966,90,True,True,60.4166666675,173.33333335
National Total,Yala,Low Country Vegetable,Drumstics,2019,1155.0,11072.0,9.586147186147189,False,4,2019-04-01,2019-04-01,2019-01-01,2019-03-31,233.3592592592593,25.21213991769548,15.569341563786008,20.74994650205761,397.587037037037,90,True,True,63.068181817500005,218.75
National Total,Maha,Low Country Vegetable,Drumstics,2021,1059.3,8779.9,8.288397998678372,False,9,2021-09-01,2021-09-01,2021-06-01,2021-08-31,439.22592592592594,26.359460547504025,20.130676328502418,19.065225442834134,397.3851851851852,92,True,True,159.01923077499998,167.75
National Total,Yala,Low Country Vegetable,Drumstics,2022,1358.1,11384.2,8.382446064354614,False,4,2022-04-01,2022-04-01,2022-01-01,2022-03-31,218.6888888888889,24.939917695473245,15.03860082304527,20.776477366255143,389.06666666666666,90,True,True,267.0,337.8181818
National Total,Maha,Low Country Vegetable,Drumstics,2022,1203.8,10429.6,8.663897657418177,False,9,2022-09-01,2022-09-01,2022-06-01,2022-08-31,441.5444444444444,26.04786634460548,19.90024154589372,19.10479871175524,393.2974074074073,92,True,True,271.6909091,287.4
National Total,Yala,Low Country Vegetable,Brinjals,2012,4815.0,48163.0,10.00269989615784,False,4,2012-04-01,2012-04-01,2012-01-01,2012-03-31,192.81481481481484,24.95641025641025,12.757427757427756,20.49129019129019,391.8188888888889,91,True,True,32.833333333333336,55.125
National Total,Maha,Low Country Vegetable,Brinjals,2012,6945.0,79000.0,11.375089992800577,False,9,2012-09-01,2012-09-01,2012-06-01,2012-08-31,271.4518518518518,26.73909017713365,21.219847020933976,19.93822463768116,436.74740740740737,92,True,True,49.695,67.414
National Total,Yala,Low Country Vegetable,Brinjals,2013,5218.0,54099.0,10.367765427366807,False,4,2013-04-01,2013-04-01,2013-01-01,2013-03-31,479.52592592592606,24.79600823045267,13.010246913580248,18.615028806584363,349.47962962962964,90,True,True,40.565,40.32
National Total,Maha,Low Country Vegetable,Brinjals,2013,7078.0,75808.0,10.710370161062446,False,9,2013-09-01,2013-09-01,2013-06-01,2013-08-31,378.27777777777777,26.0592190016103,20.98921095008052,19.044879227053144,398.4211111111111,92,True,True,37.625,30.6975
National Total,Yala,Low Country Vegetable,Brinjals,2014,4397.0,45762.0,10.407550602683648,False,4,2014-04-01,2014-04-01,2014-01-01,2014-03-31,184.15185185185183,25.0727572016461,14.82559670781893,20.222942386831274,394.5177777777778,90,True,True,39.13,68.3725
National Total,Maha,Low Country Vegetable,Brinjals,2014,7004.0,80907.0,11.551541976013706,False,9,2014-09-01,2014-09-01,2014-06-01,2014-08-31,278.4000000000001,26.76694847020934,21.32246376811594,19.86382045088567,429.4092592592592,92,True,True,39.1525,61.5425
National Total,Yala,Low Country Vegetable,Brinjals,2015,4674.0,49548.0,10.600770218228496,False,4,2015-04-01,2015-04-01,2015-01-01,2015-03-31,210.2703703703704,24.861152263374485,12.927777777777775,20.35349794238683,382.60925925925926,90,True,True,31.192,41.745000000000005
National Total,Maha,Low Country Vegetable,Brinjals,2015,6157.0,74084.0,12.032483352281956,False,9,2015-09-01,2015-09-01,2015-06-01,2015-08-31,302.1962962962963,26.68128019323672,20.14830917874396,20.037846215780995,419.2903703703704,92,True,True,46.010000000000005,46.3625
National Total,Yala,Low Country Vegetable,Brinjals,2016,4633.0,58652.0,12.65961579969782,False,4,2016-04-01,2016-04-01,2016-01-01,2016-03-31,103.57407407407408,26.05075295075295,13.816646316646317,20.77905982905984,412.6448148148148,91,True,True,70.765,76.444
National Total,Maha,Low Country Vegetable,Brinjals,2016,5662.0,68542.0,12.105616389968208,False,9,2016-09-01,2016-09-01,2016-06-01,2016-08-31,265.61481481481485,26.633494363929145,20.95998389694042,19.82029388083736,416.3766666666666,92,True,True,58.234,59.578
National Total,Yala,Low Country Vegetable,Brinjals,2017,4013.0,47047.0,11.723648143533516,False,4,2017-04-01,2017-04-01,2017-01-01,2017-03-31,313.99999999999994,24.675596707818933,15.267901234567905,20.136897119341565,381.8151851851852,90,True,True,31.172619047619,79.58809523809522
National Total,Maha,Low Country Vegetable,Brinjals,2017,5650.0,61809.0,10.939646017699117,False,9,2017-09-01,2017-09-01,2017-06-01,2017-08-31,394.8037037037038,26.89971819645732,20.743679549114336,18.80973027375201,408.6885185185185,92,True,True,94.02380952380942,123.35091572571427
National Total,Yala,Low Country Vegetable,Brinjals,2018,4138.0,50965.0,12.316336394393426,False,4,2018-04-01,2018-04-01,2018-01-01,2018-03-31,228.24444444444447,24.822592592592592,15.51699588477366,19.673259259259257,376.64962962962966,90,True,True,96.8452380975,118.958333325
National Total,Yala,Low Country Vegetable,Brinjals,2019,4378.0,67669.0,15.456601187756966,True,4,2019-04-01,2019-04-01,2019-01-01,2019-03-31,233.3592592592593,25.21213991769548,15.569341563786008,20.74994650205761,397.587037037037,90,True,True,102.36888113,105.3518356675
National Total,Yala,Low Country Vegetable,Brinjals,2020,5171.0,66829.9,12.923979887836008,False,4,2020-04-01,2020-04-01,2020-01-01,2020-03-31,105.40370370370368,25.679527879527875,16.7981277981278,21.646776556776555,429.8481481481482,91,True,True,94.61538462,97.75
National Total,Yala,Low Country Vegetable,Brinjals,2021,4808.1,58749.8,12.21892223539444,False,4,2021-04-01,2021-04-01,2021-01-01,2021-03-31,465.2629629629629,24.74477366255144,14.810617283950616,18.874930041152265,351.975925925926,90,True,True,69.2,96.0
National Total,Maha,Low Country Vegetable,Brinjals,2021,5915.2,70766.3,11.96346700027049,False,9,2021-09-01,2021-09-01,2021-06-01,2021-08-31,439.22592592592594,26.359460547504025,20.130676328502418,19.065225442834134,397.3851851851852,92,True,True,151.0,187.5
National Total,Yala,Low Country Vegetable,Brinjals,2022,4953.0,61627.9,12.44253987482334,False,4,2022-04-01,2022-04-01,2022-01-01,2022-03-31,218.6888888888889,24.939917695473245,15.03860082304527,20.776477366255143,389.06666666666666,90,True,True,143.0,300.2
National Total,Maha,Low Country Vegetable,Brinjals,2022,5818.9,66620.9,11.449053944903676,False,9,2022-09-01,2022-09-01,2022-06-01,2022-08-31,441.5444444444444,26.04786634460548,19.90024154589372,19.10479871175524,393.2974074074073,92,True,True,353.6,264.4
National Total,Yala,Low Country Vegetable,Brinjals,2023,4609.7,54449.6,11.81196173286765,False,4,2023-04-01,2023-04-01,2023-01-01,2023-03-31,322.77777777777777,24.415390946502058,15.564444444444444,20.30167489711934,375.3025925925926,90,True,True,151.5,269.0
National Total,Maha,Low Country Vegetable,Brinjals,2023,6485.4,80637.2,12.433650969870786,False,9,2023-09-01,2023-09-01,2023-06-01,2023-08-31,310.97777777777776,27.081119162640903,20.28341384863124,20.70217391304348,445.98481481481485,92,True,True,216.0,262.6
National Total,Yala,Up Country Vegetable,Knolkhol,2012,681.0,6435.0,9.44933920704846,False,4,2012-04-01,2012-04-01,2012-01-01,2012-03-31,192.81481481481484,24.95641025641025,12.757427757427756,20.49129019129019,391.8188888888889,91,True,True,38.04666666666667,53.8525
National Total,Maha,Up Country Vegetable,Knolkhol,2012,704.0,7851.0,11.151988636363637,False,9,2012-09-01,2012-09-01,2012-06-01,2012-08-31,271.4518518518518,26.73909017713365,21.219847020933976,19.93822463768116,436.74740740740737,92,True,True,30.192500000000003,47.494
National Total,Yala,Up Country Vegetable,Knolkhol,2013,779.0,9233.0,11.85237483953787,False,4,2013-04-01,2013-04-01,2013-01-01,2013-03-31,479.52592592592606,24.79600823045267,13.010246913580248,18.615028806584363,349.47962962962964,90,True,True,48.4025,45.0425
National Total,Maha,Up Country Vegetable,Knolkhol,2013,610.0,8575.0,14.057377049180328,False,9,2013-09-01,2013-09-01,2013-06-01,2013-08-31,378.27777777777777,26.0592190016103,20.98921095008052,19.044879227053144,398.4211111111111,92,True,True,22.525,33.75
National Total,Yala,Up Country Vegetable,Knolkhol,2014,781.0,9856.0,12.619718309859154,False,4,2014-04-01,2014-04-01,2014-01-01,2014-03-31,184.15185185185183,25.0727572016461,14.82559670781893,20.222942386831274,394.5177777777778,90,True,True,33.75,48.3525
National Total,Maha,Up Country Vegetable,Knolkhol,2014,677.0,8710.0,12.865583456425409,False,9,2014-09-01,2014-09-01,2014-06-01,2014-08-31,278.4000000000001,26.76694847020934,21.32246376811594,19.86382045088567,429.4092592592592,92,True,True,21.8675,39.965
National Total,Yala,Up Country Vegetable,Knolkhol,2015,651.0,7520.0,11.551459293394776,False,4,2015-04-01,2015-04-01,2015-01-01,2015-03-31,210.2703703703704,24.861152263374485,12.927777777777775,20.35349794238683,382.60925925925926,90,True,True,42.370000000000005,53.5575
National Total,Maha,Up Country Vegetable,Knolkhol,2015,700.0,9427.0,13.467142857142855,False,9,2015-09-01,2015-09-01,2015-06-01,2015-08-31,302.1962962962963,26.68128019323672,20.14830917874396,20.037846215780995,419.2903703703704,92,True,True,39.714,56.7225
National Total,Yala,Up Country Vegetable,Knolkhol,2016,571.0,8512.0,14.907180385288967,False,4,2016-04-01,2016-04-01,2016-01-01,2016-03-31,103.57407407407408,26.05075295075295,13.816646316646317,20.77905982905984,412.6448148148148,91,True,True,57.865,68.834
National Total,Maha,Up Country Vegetable,Knolkhol,2016,573.0,7348.0,12.823734729493893,False,9,2016-09-01,2016-09-01,2016-06-01,2016-08-31,265.61481481481485,26.633494363929145,20.95998389694042,19.82029388083736,416.3766666666666,92,True,True,30.614,41.834
National Total,Yala,Up Country Vegetable,Knolkhol,2017,557.0,7551.0,13.556552962298024,False,4,2017-04-01,2017-04-01,2017-01-01,2017-03-31,313.99999999999994,24.675596707818933,15.267901234567905,20.136897119341565,381.8151851851852,90,True,True,57.66098484848482,89.08333333333333
National Total,Maha,Up Country Vegetable,Knolkhol,2017,584.0,6597.0,11.29623287671233,False,9,2017-09-01,2017-09-01,2017-06-01,2017-08-31,394.8037037037038,26.89971819645732,20.743679549114336,18.80973027375201,408.6885185185185,92,True,True,46.04166666666665,76.91666666466668
National Total,Yala,Up Country Vegetable,Knolkhol,2018,606.0,10382.0,17.13201320132013,False,4,2018-04-01,2018-04-01,2018-01-01,2018-03-31,228.24444444444447,24.822592592592592,15.51699588477366,19.673259259259257,376.64962962962966,90,True,True,26.25,99.6401515075
National Total,Yala,Up Country Vegetable,Knolkhol,2019,353.0,8584.0,24.31728045325779,True,4,2019-04-01,2019-04-01,2019-01-01,2019-03-31,233.3592592592593,25.21213991769548,15.569341563786008,20.74994650205761,397.587037037037,90,True,True,63.25,108.977272725
National Total,Yala,Up Country Vegetable,Knolkhol,2020,791.8,10179.3,12.855897954028794,False,4,2020-04-01,2020-04-01,2020-01-01,2020-03-31,105.40370370370368,25.679527879527875,16.7981277981278,21.646776556776555,429.8481481481482,91,True,True,46.0,48.0
National Total,Yala,Up Country Vegetable,Knolkhol,2021,790.4,9879.4,12.49924089068826,False,4,2021-04-01,2021-04-01,2021-01-01,2021-03-31,465.2629629629629,24.74477366255144,14.810617283950616,18.874930041152265,351.975925925926,90,True,True,84.0,75.66666666666667
National Total,Maha,Up Country Vegetable,Knolkhol,2021,627.2,5749.0,9.166135204081632,False,9,2021-09-01,2021-09-01,2021-06-01,2021-08-31,439.22592592592594,26.359460547504025,20.130676328502418,19.065225442834134,397.3851851851852,92,True,True,101.041666675,80.0
National Total,Yala,Up Country Vegetable,Knolkhol,2022,758.4,9180.2,12.104694092827003,False,4,2022-04-01,2022-04-01,2022-01-01,2022-03-31,218.6888888888889,24.939917695473245,15.03860082304527,20.776477366255143,389.06666666666666,90,True,True,90.7272727275,160.2
National Total,Maha,Up Country Vegetable,Knolkhol,2022,642.0,5787.8,9.015264797507788,False,9,2022-09-01,2022-09-01,2022-06-01,2022-08-31,441.5444444444444,26.04786634460548,19.90024154589372,19.10479871175524,393.2974074074073,92,True,True,127.0,184.4
National Total,Yala,Up Country Vegetable,Knolkhol,2023,793.7,8011.6,10.093990172609296,False,4,2023-04-01,2023-04-01,2023-01-01,2023-03-31,322.77777777777777,24.415390946502058,15.564444444444444,20.30167489711934,375.3025925925926,90,True,True,113.0,178.38585858000002
National Total,Maha,Up Country Vegetable,Knolkhol,2023,624.1,6429.6,10.302195161031886,False,9,2023-09-01,2023-09-01,2023-06-01,2023-08-31,310.97777777777776,27.081119162640903,20.28341384863124,20.70217391304348,445.98481481481485,92,True,True,71.75,100.8
National Total,Yala,Up Country Vegetable,Beans,2012,3451.0,19382.0,5.616343088959722,True,4,2012-04-01,2012-04-01,2012-01-01,2012-03-31,192.81481481481484,24.95641025641025,12.757427757427756,20.49129019129019,391.8188888888889,91,True,True,46.86333333333334,71.8425
National Total,Maha,Up Country Vegetable,Beans,2012,4141.0,27603.0,6.665781212267568,False,9,2012-09-01,2012-09-01,2012-06-01,2012-08-31,271.4518518518518,26.73909017713365,21.219847020933976,19.93822463768116,436.74740740740737,92,True,True,73.9975,125.732
National Total,Yala,Up Country Vegetable,Beans,2013,3544.0,33991.0,9.591139954853274,False,4,2013-04-01,2013-04-01,2013-01-01,2013-03-31,479.52592592592606,24.79600823045267,13.010246913580248,18.615028806584363,349.47962962962964,90,True,True,76.7825,78.0
National Total,Maha,Up Country Vegetable,Beans,2013,4369.0,49575.0,11.346990157930875,False,9,2013-09-01,2013-09-01,2013-06-01,2013-08-31,378.27777777777777,26.0592190016103,20.98921095008052,19.044879227053144,398.4211111111111,92,True,True,88.8325,80.3575
National Total,Yala,Up Country Vegetable,Beans,2014,3502.0,32659.0,9.3258138206739,False,4,2014-04-01,2014-04-01,2014-01-01,2014-03-31,184.15185185185183,25.0727572016461,14.82559670781893,20.222942386831274,394.5177777777778,90,True,True,58.394000000000005,106.96
National Total,Maha,Up Country Vegetable,Beans,2014,4480.0,48549.0,10.836830357142857,False,9,2014-09-01,2014-09-01,2014-06-01,2014-08-31,278.4000000000001,26.76694847020934,21.32246376811594,19.86382045088567,429.4092592592592,92,True,True,73.6575,128.5
National Total,Yala,Up Country Vegetable,Beans,2015,3535.0,28884.0,8.170862800565772,False,4,2015-04-01,2015-04-01,2015-01-01,2015-03-31,210.2703703703704,24.861152263374485,12.927777777777775,20.35349794238683,382.60925925925926,90,True,True,79.018,112.68
National Total,Maha,Up Country Vegetable,Beans,2015,4743.0,37279.0,7.859793379717479,False,9,2015-09-01,2015-09-01,2015-06-01,2015-08-31,302.1962962962963,26.68128019323672,20.14830917874396,20.037846215780995,419.2903703703704,92,True,True,83.062,155.7975
National Total,Yala,Up Country Vegetable,Beans,2016,3512.0,39266.0,11.180523917995444,False,4,2016-04-01,2016-04-01,2016-01-01,2016-03-31,103.57407407407408,26.05075295075295,13.816646316646317,20.77905982905984,412.6448148148148,91,True,True,91.25,172.342
National Total,Maha,Up Country Vegetable,Beans,2016,5016.0,44100.0,8.791866028708133,False,9,2016-09-01,2016-09-01,2016-06-01,2016-08-31,265.61481481481485,26.633494363929145,20.95998389694042,19.82029388083736,416.3766666666666,92,True,True,108.15,148.0
National Total,Yala,Up Country Vegetable,Beans,2017,3344.0,37390.0,11.18122009569378,False,4,2017-04-01,2017-04-01,2017-01-01,2017-03-31,313.99999999999994,24.675596707818933,15.267901234567905,20.136897119341565,381.8151851851852,90,True,True,134.31249999999974,126.8333333333332
National Total,Maha,Up Country Vegetable,Beans,2017,4382.0,49995.0,11.409173893199451,False,9,2017-09-01,2017-09-01,2017-06-01,2017-08-31,394.8037037037038,26.89971819645732,20.743679549114336,18.80973027375201,408.6885185185185,92,True,True,106.66666666583316,118.833333346
National Total,Yala,Up Country Vegetable,Beans,2018,3269.0,33171.0,10.147139798103396,False,4,2018-04-01,2018-04-01,2018-01-01,2018-03-31,228.24444444444447,24.822592592592592,15.51699588477366,19.673259259259257,376.64962962962966,90,True,True,72.9166666675,209.1666667
National Total,Yala,Up Country Vegetable,Beans,2019,2912.0,26770.0,9.192994505494504,False,4,2019-04-01,2019-04-01,2019-01-01,2019-03-31,233.3592592592593,25.21213991769548,15.569341563786008,20.74994650205761,397.587037037037,90,True,True,176.75,95.5
National Total,Yala,Up Country Vegetable,Beans,2020,3568.3,40318.0,11.298937869573749,False,4,2020-04-01,2020-04-01,2020-01-01,2020-03-31,105.40370370370368,25.679527879527875,16.7981277981278,21.646776556776555,429.8481481481482,91,True,True,81.0,134.0
National Total,Yala,Up Country Vegetable,Beans,2021,3481.4,36680.5,10.536134888263344,False,4,2021-04-01,2021-04-01,2021-01-01,2021-03-31,465.2629629629629,24.74477366255144,14.810617283950616,18.874930041152265,351.975925925926,90,True,True,163.87272728,154.22222223333333
National Total,Maha,Up Country Vegetable,Beans,2021,4116.3,40184.4,9.762262225785292,False,9,2021-09-01,2021-09-01,2021-06-01,2021-08-31,439.22592592592594,26.359460547504025,20.130676328502418,19.065225442834134,397.3851851851852,92,True,True,207.583333325,221.5
National Total,Yala,Up Country Vegetable,Beans,2022,3327.3,33928.7,10.197066690710184,False,4,2022-04-01,2022-04-01,2022-01-01,2022-03-31,218.6888888888889,24.939917695473245,15.03860082304527,20.776477366255143,389.06666666666666,90,True,True,191.25,479.4
National Total,Maha,Up Country Vegetable,Beans,2022,3156.8,34253.2,10.850608210846426,False,9,2022-09-01,2022-09-01,2022-06-01,2022-08-31,441.5444444444444,26.04786634460548,19.90024154589372,19.10479871175524,393.2974074074073,92,True,True,368.8,303.4
National Total,Yala,Up Country Vegetable,Beans,2023,2460.0,25287.4,10.279430894308945,False,4,2023-04-01,2023-04-01,2023-01-01,2023-03-31,322.77777777777777,24.415390946502058,15.564444444444444,20.30167489711934,375.3025925925926,90,True,True,201.777777775,356.03333334
National Total,Maha,Up Country Vegetable,Beans,2023,3277.9,41139.1,12.55044388175356,False,9,2023-09-01,2023-09-01,2023-06-01,2023-08-31,310.97777777777776,27.081119162640903,20.28341384863124,20.70217391304348,445.98481481481485,92,True,True,299.75,415.6
